#
# There is insufficient memory for the Java Runtime Environment to continue.
# Native memory allocation (mmap) failed to map 636485632 bytes for G1 virtual space
# Possible reasons:
#   The system is out of physical RAM or swap space
#   The process is running with CompressedOops enabled, and the Java Heap may be blocking the growth of the native heap
# Possible solutions:
#   Reduce memory load on the system
#   Increase physical memory or swap space
#   Check if swap backing store is full
#   Decrease Java heap size (-Xmx/-Xms)
#   Decrease number of Java threads
#   Decrease Java thread stack sizes (-Xss)
#   Set larger code cache with -XX:ReservedCodeCacheSize=
#   JVM is running with Unscaled Compressed Oops mode in which the Java heap is
#     placed in the first 4GB address space. The Java Heap base address is the
#     maximum limit for the native heap growth. Please use -XX:HeapBaseMinAddress
#     to set the Java Heap base and to place the Java Heap above 4GB virtual address.
# This output file may be truncated or incomplete.
#
#  Out of Memory Error (os_windows.cpp:3613), pid=7348, tid=4500
#
# JRE version: OpenJDK Runtime Environment Microsoft-8902769 (17.0.10+7) (build 17.0.10+7-LTS)
# Java VM: OpenJDK 64-Bit Server VM Microsoft-8902769 (17.0.10+7-LTS, mixed mode, sharing, tiered, compressed oops, compressed class ptrs, g1 gc, windows-amd64)
# No core dump will be written. Minidumps are not enabled by default on client versions of Windows
#

---------------  S U M M A R Y ------------

Command Line: --add-opens=java.base/java.lang=ALL-UNNAMED --add-opens=java.base/java.lang.invoke=ALL-UNNAMED --add-opens=java.base/java.util=ALL-UNNAMED --add-opens=java.prefs/java.util.prefs=ALL-UNNAMED --add-exports=jdk.compiler/com.sun.tools.javac.api=ALL-UNNAMED --add-exports=jdk.compiler/com.sun.tools.javac.util=ALL-UNNAMED --add-opens=java.base/java.util=ALL-UNNAMED --add-opens=java.prefs/java.util.prefs=ALL-UNNAMED --add-opens=java.base/java.nio.charset=ALL-UNNAMED --add-opens=java.base/java.net=ALL-UNNAMED --add-opens=java.base/java.util.concurrent.atomic=ALL-UNNAMED --add-opens=java.xml/javax.xml.namespace=ALL-UNNAMED -XX:MaxMetaspaceSize=512m -Xmx2048m -Dfile.encoding=windows-1252 -Duser.country=US -Duser.language=en -Duser.variant -javaagent:C:\Users\Chanchal\.gradle\wrapper\dists\gradle-8.14.3-bin\cv11ve7ro1n3o1j4so8xd9n66\gradle-8.14.3\lib\agents\gradle-instrumentation-agent-8.14.3.jar org.gradle.launcher.daemon.bootstrap.GradleDaemon 8.14.3

Host: Intel(R) Pentium(R) CPU G3240 @ 3.10GHz, 2 cores, 7G,  Windows 10 , 64 bit Build 19041 (10.0.19041.5915)
Time: Tue Sep 23 16:01:23 2025 India Standard Time elapsed time: 3042.760642 seconds (0d 0h 50m 42s)

---------------  T H R E A D  ---------------

Current thread (0x00000215e9780450):  VMThread "VM Thread" [stack: 0x0000001a15400000,0x0000001a15500000] [id=4500]

Stack: [0x0000001a15400000,0x0000001a15500000]
Native frames: (J=compiled Java code, j=interpreted, Vv=VM code, C=native code)
V  [jvm.dll+0x67f829]
V  [jvm.dll+0x83750a]
V  [jvm.dll+0x838fce]
V  [jvm.dll+0x839633]
V  [jvm.dll+0x247cbf]
V  [jvm.dll+0x67c669]
V  [jvm.dll+0x6710da]
V  [jvm.dll+0x309b8b]
V  [jvm.dll+0x311036]
V  [jvm.dll+0x360d5e]
V  [jvm.dll+0x360f8f]
V  [jvm.dll+0x2e0798]
V  [jvm.dll+0x2de974]
V  [jvm.dll+0x2ddf7c]
V  [jvm.dll+0x32200b]
V  [jvm.dll+0x83db2b]
V  [jvm.dll+0x83e871]
V  [jvm.dll+0x83ed8d]
V  [jvm.dll+0x83f164]
V  [jvm.dll+0x83f230]
V  [jvm.dll+0x7e69da]
V  [jvm.dll+0x67e715]
C  [ucrtbase.dll+0x21bb2]
C  [KERNEL32.DLL+0x17374]
C  [ntdll.dll+0x4cc91]

VM_Operation (0x0000001a166f5010): G1CollectForAllocation, mode: safepoint, requested by thread 0x00000215f82f2a80


---------------  P R O C E S S  ---------------

Threads class SMR info:
_java_thread_list=0x00000215ff1eeaa0, length=70, elements={
0x00000215ca0d6e10, 0x00000215e9789f30, 0x00000215e978acc0, 0x00000215e979fa40,
0x00000215e97a25e0, 0x00000215e97a4420, 0x00000215e97a4cf0, 0x00000215e97a59a0,
0x00000215e97a8370, 0x00000215e9817f50, 0x00000215e976f980, 0x00000215e99f9610,
0x00000215e9b1c2a0, 0x00000215eec8fb30, 0x00000215e97f8610, 0x00000215e9c68f90,
0x00000215e9c694a0, 0x00000215e9c69ec0, 0x00000215f08c6df0, 0x00000215f08c4a80,
0x00000215f08c4060, 0x00000215f08ca090, 0x00000215f0880810, 0x00000215f087f8e0,
0x00000215f08cb9e0, 0x00000215f08c5ec0, 0x00000215f08c63d0, 0x00000215f3b94b80,
0x00000215f2ee6570, 0x00000215f2ee6f90, 0x00000215f3b904a0, 0x00000215f3b93c50,
0x00000215f8366060, 0x00000215f82f2a80, 0x00000215f82f34a0, 0x00000215f82f3ec0,
0x00000215f82f39b0, 0x00000215f3b92300, 0x00000215f3b92810, 0x00000215f82f5810,
0x00000215f82f43d0, 0x00000215f82f48e0, 0x00000215f82f2f90, 0x00000215f3b8fa80,
0x00000215f3b913d0, 0x00000215f3b92d20, 0x00000215f3b909b0, 0x00000215f82f2570,
0x00000215f82f4df0, 0x00000215f82f5300, 0x00000215f9c69ec0, 0x00000215f9c6b810,
0x00000215f3b94160, 0x00000215f3b94670, 0x00000215f9c6a8e0, 0x00000215f9c6adf0,
0x00000215f9c6b300, 0x00000215f3b95090, 0x00000215f9c68a80, 0x00000215f9c68060,
0x00000215f9c694a0, 0x00000215f9c68570, 0x00000215f9c699b0, 0x00000215f9c6a3d0,
0x00000215ffabb460, 0x00000215ffabc8a0, 0x00000215ffabaa40, 0x00000215ffabb970,
0x00000215ffabd2c0, 0x00000215f08844d0
}

Java Threads: ( => current thread )
  0x00000215ca0d6e10 JavaThread "main" [_thread_blocked, id=2256, stack(0x0000001a14d00000,0x0000001a14e00000)]
  0x00000215e9789f30 JavaThread "Reference Handler" daemon [_thread_blocked, id=3512, stack(0x0000001a15500000,0x0000001a15600000)]
  0x00000215e978acc0 JavaThread "Finalizer" daemon [_thread_blocked, id=9288, stack(0x0000001a15600000,0x0000001a15700000)]
  0x00000215e979fa40 JavaThread "Signal Dispatcher" daemon [_thread_blocked, id=5732, stack(0x0000001a15700000,0x0000001a15800000)]
  0x00000215e97a25e0 JavaThread "Attach Listener" daemon [_thread_blocked, id=8804, stack(0x0000001a15800000,0x0000001a15900000)]
  0x00000215e97a4420 JavaThread "Service Thread" daemon [_thread_blocked, id=4580, stack(0x0000001a15900000,0x0000001a15a00000)]
  0x00000215e97a4cf0 JavaThread "Monitor Deflation Thread" daemon [_thread_blocked, id=2792, stack(0x0000001a15a00000,0x0000001a15b00000)]
  0x00000215e97a59a0 JavaThread "C2 CompilerThread0" daemon [_thread_blocked, id=4136, stack(0x0000001a15b00000,0x0000001a15c00000)]
  0x00000215e97a8370 JavaThread "C1 CompilerThread0" daemon [_thread_blocked, id=9420, stack(0x0000001a15c00000,0x0000001a15d00000)]
  0x00000215e9817f50 JavaThread "Sweeper thread" daemon [_thread_blocked, id=10656, stack(0x0000001a15d00000,0x0000001a15e00000)]
  0x00000215e976f980 JavaThread "Common-Cleaner" daemon [_thread_blocked, id=9960, stack(0x0000001a15e00000,0x0000001a15f00000)]
  0x00000215e99f9610 JavaThread "Notification Thread" daemon [_thread_blocked, id=2328, stack(0x0000001a15f00000,0x0000001a16000000)]
  0x00000215e9b1c2a0 JavaThread "Daemon health stats" [_thread_blocked, id=10340, stack(0x0000001a16200000,0x0000001a16300000)]
  0x00000215eec8fb30 JavaThread "Incoming local TCP Connector on port 61380" [_thread_in_native, id=7372, stack(0x0000001a16300000,0x0000001a16400000)]
  0x00000215e97f8610 JavaThread "Daemon periodic checks" [_thread_blocked, id=272, stack(0x0000001a16400000,0x0000001a16500000)]
  0x00000215e9c68f90 JavaThread "Cache worker for journal cache (C:\Users\Chanchal\.gradle\caches\journal-1)" [_thread_blocked, id=3484, stack(0x0000001a16c00000,0x0000001a16d00000)]
  0x00000215e9c694a0 JavaThread "File lock request listener" [_thread_in_native, id=1564, stack(0x0000001a16d00000,0x0000001a16e00000)]
  0x00000215e9c69ec0 JavaThread "Cache worker for file hash cache (C:\Users\Chanchal\.gradle\caches\8.14.3\fileHashes)" [_thread_blocked, id=1100, stack(0x0000001a16e00000,0x0000001a16f00000)]
  0x00000215f08c6df0 JavaThread "File watcher server" daemon [_thread_blocked, id=3504, stack(0x0000001a17100000,0x0000001a17200000)]
  0x00000215f08c4a80 JavaThread "File watcher consumer" daemon [_thread_blocked, id=9560, stack(0x0000001a17200000,0x0000001a17300000)]
  0x00000215f08c4060 JavaThread "jar transforms" [_thread_blocked, id=7960, stack(0x0000001a17400000,0x0000001a17500000)]
  0x00000215f08ca090 JavaThread "Cache worker for file content cache (C:\Users\Chanchal\.gradle\caches\8.14.3\fileContent)" [_thread_blocked, id=1048, stack(0x0000001a17600000,0x0000001a17700000)]
  0x00000215f0880810 JavaThread "Memory manager" [_thread_blocked, id=9848, stack(0x0000001a18100000,0x0000001a18200000)]
  0x00000215f087f8e0 JavaThread "jar transforms Thread 2" [_thread_blocked, id=10300, stack(0x0000001a19000000,0x0000001a19100000)]
  0x00000215f08cb9e0 JavaThread "RMI Scheduler(0)" daemon [_thread_blocked, id=8664, stack(0x0000001a18500000,0x0000001a18600000)]
  0x00000215f08c5ec0 JavaThread "RMI GC Daemon" daemon [_thread_blocked, id=6596, stack(0x0000001a18700000,0x0000001a18800000)]
  0x00000215f08c63d0 JavaThread "RMI TCP Accept-0" daemon [_thread_in_native, id=5724, stack(0x0000001a18800000,0x0000001a18900000)]
  0x00000215f3b94b80 JavaThread "RMI Reaper" [_thread_blocked, id=3464, stack(0x0000001a18900000,0x0000001a18a00000)]
  0x00000215f2ee6570 JavaThread "RMI TCP Accept-0" daemon [_thread_in_native, id=5112, stack(0x0000001a1a400000,0x0000001a1a500000)]
  0x00000215f2ee6f90 JavaThread "Cache worker for Java compile cache (C:\Users\Chanchal\.gradle\caches\8.14.3\javaCompile)" [_thread_blocked, id=8368, stack(0x0000001a1a000000,0x0000001a1a100000)]
  0x00000215f3b904a0 JavaThread "Daemon Thread 4" [_thread_blocked, id=9924, stack(0x0000001a14c00000,0x0000001a14d00000)]
  0x00000215f3b93c50 JavaThread "Handler for socket connection from /127.0.0.1:61380 to /127.0.0.1:61898" [_thread_in_native, id=9424, stack(0x0000001a14e00000,0x0000001a14f00000)]
  0x00000215f8366060 JavaThread "Cancel handler" [_thread_blocked, id=10148, stack(0x0000001a16500000,0x0000001a16600000)]
  0x00000215f82f2a80 JavaThread "Daemon worker Thread 4" [_thread_blocked, id=9012, stack(0x0000001a16600000,0x0000001a16700000)]
  0x00000215f82f34a0 JavaThread "Asynchronous log dispatcher for DefaultDaemonConnection: socket connection from /127.0.0.1:61380 to /127.0.0.1:61898" [_thread_blocked, id=3112, stack(0x0000001a16700000,0x0000001a16800000)]
  0x00000215f82f3ec0 JavaThread "Stdin handler" [_thread_blocked, id=832, stack(0x0000001a16800000,0x0000001a16900000)]
  0x00000215f82f39b0 JavaThread "Daemon client event forwarder" [_thread_blocked, id=784, stack(0x0000001a16900000,0x0000001a16a00000)]
  0x00000215f3b92300 JavaThread "Cache worker for file hash cache (D:\calculationapp\android\.gradle\8.14.3\fileHashes)" [_thread_blocked, id=11244, stack(0x0000001a16a00000,0x0000001a16b00000)]
  0x00000215f3b92810 JavaThread "Cache worker for Build Output Cleanup Cache (D:\calculationapp\android\.gradle\buildOutputCleanup)" [_thread_blocked, id=3660, stack(0x0000001a16b00000,0x0000001a16c00000)]
  0x00000215f82f5810 JavaThread "Cache worker for checksums cache (D:\calculationapp\android\.gradle\8.14.3\checksums)" [_thread_blocked, id=1252, stack(0x0000001a16f00000,0x0000001a17000000)]
  0x00000215f82f43d0 JavaThread "Cache worker for cache directory md-supplier (C:\Users\Chanchal\.gradle\caches\8.14.3\md-supplier)" [_thread_blocked, id=7204, stack(0x0000001a17000000,0x0000001a17100000)]
  0x00000215f82f48e0 JavaThread "Cache worker for cache directory md-rule (C:\Users\Chanchal\.gradle\caches\8.14.3\md-rule)" [_thread_blocked, id=10524, stack(0x0000001a17500000,0x0000001a17600000)]
  0x00000215f82f2f90 JavaThread "Cache worker for Build Output Cleanup Cache (D:\calculationapp\node_modules\@react-native\gradle-plugin\.gradle\buildOutputCleanup)" [_thread_blocked, id=9500, stack(0x0000001a17700000,0x0000001a17800000)]
  0x00000215f3b8fa80 JavaThread "Unconstrained build operations" [_thread_blocked, id=9628, stack(0x0000001a17800000,0x0000001a17900000)]
  0x00000215f3b913d0 JavaThread "Unconstrained build operations Thread 2" [_thread_blocked, id=9616, stack(0x0000001a17900000,0x0000001a17a00000)]
  0x00000215f3b92d20 JavaThread "Unconstrained build operations Thread 3" [_thread_blocked, id=5736, stack(0x0000001a17a00000,0x0000001a17b00000)]
  0x00000215f3b909b0 JavaThread "Unconstrained build operations Thread 4" [_thread_blocked, id=8896, stack(0x0000001a17b00000,0x0000001a17c00000)]
  0x00000215f82f2570 JavaThread "build event listener" [_thread_blocked, id=9864, stack(0x0000001a17c00000,0x0000001a17d00000)]
  0x00000215f82f4df0 JavaThread "ForkJoinPool.commonPool-worker-4" daemon [_thread_blocked, id=8612, stack(0x0000001a17d00000,0x0000001a17e00000)]
  0x00000215f82f5300 JavaThread "included builds" [_thread_blocked, id=6404, stack(0x0000001a17e00000,0x0000001a17f00000)]
  0x00000215f9c69ec0 JavaThread "Execution worker" [_thread_blocked, id=4348, stack(0x0000001a17f00000,0x0000001a18000000)]
  0x00000215f9c6b810 JavaThread "Cache worker for execution history cache (D:\calculationapp\node_modules\@react-native\gradle-plugin\.gradle\8.14.3\executionHistory)" [_thread_blocked, id=3672, stack(0x0000001a18000000,0x0000001a18100000)]
  0x00000215f3b94160 JavaThread "Unconstrained build operations Thread 5" [_thread_blocked, id=11096, stack(0x0000001a18200000,0x0000001a18300000)]
  0x00000215f3b94670 JavaThread "Unconstrained build operations Thread 6" [_thread_blocked, id=6424, stack(0x0000001a18300000,0x0000001a18400000)]
  0x00000215f9c6a8e0 JavaThread "Unconstrained build operations Thread 7" [_thread_blocked, id=11032, stack(0x0000001a18400000,0x0000001a18500000)]
  0x00000215f9c6adf0 JavaThread "Unconstrained build operations Thread 8" [_thread_blocked, id=10188, stack(0x0000001a18600000,0x0000001a18700000)]
  0x00000215f9c6b300 JavaThread "Unconstrained build operations Thread 9" [_thread_blocked, id=380, stack(0x0000001a18a00000,0x0000001a18b00000)]
  0x00000215f3b95090 JavaThread "Exec process Thread 10" [_thread_blocked, id=8616, stack(0x0000001a18b00000,0x0000001a18c00000)]
  0x00000215f9c68a80 JavaThread "Exec process Thread 11" [_thread_blocked, id=8732, stack(0x0000001a18c00000,0x0000001a18d00000)]
  0x00000215f9c68060 JavaThread "Exec process Thread 12" [_thread_blocked, id=1620, stack(0x0000001a18d00000,0x0000001a18e00000)]
  0x00000215f9c694a0 JavaThread "Unconstrained build operations Thread 10" [_thread_blocked, id=1980, stack(0x0000001a18e00000,0x0000001a18f00000)]
  0x00000215f9c68570 JavaThread "Unconstrained build operations Thread 11" [_thread_blocked, id=10272, stack(0x0000001a18f00000,0x0000001a19000000)]
  0x00000215f9c699b0 JavaThread "Unconstrained build operations Thread 12" [_thread_blocked, id=8796, stack(0x0000001a19100000,0x0000001a19200000)]
  0x00000215f9c6a3d0 JavaThread "build event listener" [_thread_blocked, id=4888, stack(0x0000001a19200000,0x0000001a19300000)]
  0x00000215ffabb460 JavaThread "Problems report writer" [_thread_blocked, id=11152, stack(0x0000001a19300000,0x0000001a19400000)]
  0x00000215ffabc8a0 JavaThread "Unconstrained build operations Thread 13" [_thread_blocked, id=8676, stack(0x0000001a19400000,0x0000001a19500000)]
  0x00000215ffabaa40 JavaThread "Unconstrained build operations Thread 14" [_thread_blocked, id=4664, stack(0x0000001a19500000,0x0000001a19600000)]
  0x00000215ffabb970 JavaThread "Unconstrained build operations Thread 15" [_thread_blocked, id=9756, stack(0x0000001a19600000,0x0000001a19700000)]
  0x00000215ffabd2c0 JavaThread "Unconstrained build operations Thread 16" [_thread_blocked, id=8240, stack(0x0000001a19700000,0x0000001a19800000)]
  0x00000215f08844d0 JavaThread "Unconstrained build operations Thread 17" [_thread_blocked, id=8684, stack(0x0000001a19800000,0x0000001a19900000)]

Other Threads:
=>0x00000215e9780450 VMThread "VM Thread" [stack: 0x0000001a15400000,0x0000001a15500000] [id=4500]
  0x00000215ca0d7ce0 WatcherThread [stack: 0x0000001a16000000,0x0000001a16100000] [id=212]
  0x00000215ca08e7d0 GCTaskThread "GC Thread#0" [stack: 0x0000001a14f00000,0x0000001a15000000] [id=10532]
  0x00000215e9af46f0 GCTaskThread "GC Thread#1" [stack: 0x0000001a16100000,0x0000001a16200000] [id=1676]
  0x00000215ca13f8e0 ConcurrentGCThread "G1 Main Marker" [stack: 0x0000001a15000000,0x0000001a15100000] [id=10492]
  0x00000215ca140210 ConcurrentGCThread "G1 Conc#0" [stack: 0x0000001a15100000,0x0000001a15200000] [id=7360]
  0x00000215ca18c760 ConcurrentGCThread "G1 Refine#0" [stack: 0x0000001a15200000,0x0000001a15300000] [id=2764]
  0x00000215ef69d2c0 ConcurrentGCThread "G1 Refine#1" [stack: 0x0000001a17300000,0x0000001a17400000] [id=216]
  0x00000215ca18d0a0 ConcurrentGCThread "G1 Service" [stack: 0x0000001a15300000,0x0000001a15400000] [id=3456]

Threads with active compile tasks:
C2 CompilerThread0  3042806 29345       4       java.nio.charset.CharsetEncoder::canEncode (34 bytes)

VM state: at safepoint (normal execution)

VM Mutex/Monitor currently owned by a thread:  ([mutex/lock_event])
[0x00000215ca0d3050] Threads_lock - owner thread: 0x00000215e9780450
[0x00000215ca0d2d80] Heap_lock - owner thread: 0x00000215f82f2a80

Heap address: 0x0000000080000000, size: 2048 MB, Compressed Oops mode: 32-bit

CDS archive(s) mapped at: [0x0000021580000000-0x0000021580bb0000-0x0000021580bb0000), size 12255232, SharedBaseAddress: 0x0000021580000000, ArchiveRelocationMode: 1.
Compressed class space mapped at: 0x0000021581000000-0x000002159b000000, reserved size: 436207616
Narrow klass base: 0x0000021580000000, Narrow klass shift: 0, Narrow klass range: 0x100000000

GC Precious Log:
 CPUs: 2 total, 2 available
 Memory: 8092M
 Large Page Support: Disabled
 NUMA Support: Disabled
 Compressed Oops: Enabled (32-bit)
 Heap Region Size: 1M
 Heap Min Capacity: 8M
 Heap Initial Capacity: 128M
 Heap Max Capacity: 2G
 Pre-touch: Disabled
 Parallel Workers: 2
 Concurrent Workers: 1
 Concurrent Refinement Workers: 2
 Periodic GC: Disabled

Heap:
 garbage-first heap   total 543744K, used 222040K [0x0000000080000000, 0x0000000100000000)
  region size 1024K, 5 young (5120K), 5 survivors (5120K)
 Metaspace       used 170456K, committed 172352K, reserved 622592K
  class space    used 22728K, committed 23744K, reserved 425984K

Heap Regions: E=young(eden), S=young(survivor), O=old, HS=humongous(starts), HC=humongous(continues), CS=collection set, F=free, OA=open archive, CA=closed archive, TAMS=top-at-mark-start (previous, next)
|   0|0x0000000080000000, 0x0000000080100000, 0x0000000080100000|100%| O|  |TAMS 0x0000000080100000, 0x0000000080000000| Untracked 
|   1|0x0000000080100000, 0x0000000080200000, 0x0000000080200000|100%| O|  |TAMS 0x0000000080200000, 0x0000000080100000| Untracked 
|   2|0x0000000080200000, 0x0000000080300000, 0x0000000080300000|100%| O|  |TAMS 0x0000000080300000, 0x0000000080200000| Untracked 
|   3|0x0000000080300000, 0x0000000080400000, 0x0000000080400000|100%|HS|  |TAMS 0x0000000080400000, 0x0000000080300000| Complete 
|   4|0x0000000080400000, 0x0000000080500000, 0x0000000080500000|100%|HC|  |TAMS 0x0000000080500000, 0x0000000080400000| Complete 
|   5|0x0000000080500000, 0x0000000080600000, 0x0000000080600000|100%|HC|  |TAMS 0x0000000080600000, 0x0000000080500000| Complete 
|   6|0x0000000080600000, 0x0000000080700000, 0x0000000080700000|100%|HS|  |TAMS 0x0000000080700000, 0x0000000080600000| Complete 
|   7|0x0000000080700000, 0x0000000080800000, 0x0000000080800000|100%| O|  |TAMS 0x0000000080800000, 0x0000000080700000| Untracked 
|   8|0x0000000080800000, 0x0000000080900000, 0x0000000080900000|100%| O|  |TAMS 0x0000000080900000, 0x0000000080800000| Untracked 
|   9|0x0000000080900000, 0x0000000080a00000, 0x0000000080a00000|100%| O|  |TAMS 0x0000000080a00000, 0x0000000080900000| Untracked 
|  10|0x0000000080a00000, 0x0000000080b00000, 0x0000000080b00000|100%| O|  |TAMS 0x0000000080b00000, 0x0000000080a00000| Untracked 
|  11|0x0000000080b00000, 0x0000000080c00000, 0x0000000080c00000|100%| O|  |TAMS 0x0000000080c00000, 0x0000000080b00000| Untracked 
|  12|0x0000000080c00000, 0x0000000080d00000, 0x0000000080d00000|100%| O|  |TAMS 0x0000000080d00000, 0x0000000080c00000| Untracked 
|  13|0x0000000080d00000, 0x0000000080e00000, 0x0000000080e00000|100%| O|  |TAMS 0x0000000080e00000, 0x0000000080d00000| Untracked 
|  14|0x0000000080e00000, 0x0000000080f00000, 0x0000000080f00000|100%| O|  |TAMS 0x0000000080f00000, 0x0000000080e00000| Untracked 
|  15|0x0000000080f00000, 0x0000000081000000, 0x0000000081000000|100%| O|  |TAMS 0x0000000081000000, 0x0000000080f00000| Untracked 
|  16|0x0000000081000000, 0x0000000081100000, 0x0000000081100000|100%| O|  |TAMS 0x0000000081100000, 0x0000000081000000| Untracked 
|  17|0x0000000081100000, 0x0000000081200000, 0x0000000081200000|100%| O|  |TAMS 0x0000000081200000, 0x0000000081100000| Untracked 
|  18|0x0000000081200000, 0x0000000081300000, 0x0000000081300000|100%| O|  |TAMS 0x0000000081300000, 0x0000000081200000| Untracked 
|  19|0x0000000081300000, 0x0000000081400000, 0x0000000081400000|100%| O|  |TAMS 0x0000000081400000, 0x0000000081300000| Untracked 
|  20|0x0000000081400000, 0x0000000081500000, 0x0000000081500000|100%| O|  |TAMS 0x0000000081500000, 0x0000000081400000| Untracked 
|  21|0x0000000081500000, 0x0000000081600000, 0x0000000081600000|100%| O|  |TAMS 0x0000000081600000, 0x0000000081500000| Untracked 
|  22|0x0000000081600000, 0x0000000081700000, 0x0000000081700000|100%| O|  |TAMS 0x0000000081700000, 0x0000000081600000| Untracked 
|  23|0x0000000081700000, 0x0000000081800000, 0x0000000081800000|100%| O|  |TAMS 0x0000000081800000, 0x0000000081700000| Untracked 
|  24|0x0000000081800000, 0x0000000081900000, 0x0000000081900000|100%| O|  |TAMS 0x0000000081900000, 0x0000000081800000| Untracked 
|  25|0x0000000081900000, 0x0000000081a00000, 0x0000000081a00000|100%| O|  |TAMS 0x0000000081a00000, 0x0000000081900000| Untracked 
|  26|0x0000000081a00000, 0x0000000081b00000, 0x0000000081b00000|100%| O|  |TAMS 0x0000000081b00000, 0x0000000081a00000| Untracked 
|  27|0x0000000081b00000, 0x0000000081c00000, 0x0000000081c00000|100%| O|  |TAMS 0x0000000081c00000, 0x0000000081b00000| Untracked 
|  28|0x0000000081c00000, 0x0000000081d00000, 0x0000000081d00000|100%| O|  |TAMS 0x0000000081d00000, 0x0000000081c00000| Untracked 
|  29|0x0000000081d00000, 0x0000000081e00000, 0x0000000081e00000|100%| O|  |TAMS 0x0000000081e00000, 0x0000000081d00000| Untracked 
|  30|0x0000000081e00000, 0x0000000081f00000, 0x0000000081f00000|100%| O|  |TAMS 0x0000000081f00000, 0x0000000081e00000| Untracked 
|  31|0x0000000081f00000, 0x0000000082000000, 0x0000000082000000|100%| O|  |TAMS 0x0000000082000000, 0x0000000081f00000| Untracked 
|  32|0x0000000082000000, 0x0000000082100000, 0x0000000082100000|100%| O|  |TAMS 0x0000000082100000, 0x0000000082000000| Untracked 
|  33|0x0000000082100000, 0x0000000082200000, 0x0000000082200000|100%| O|  |TAMS 0x0000000082200000, 0x0000000082100000| Untracked 
|  34|0x0000000082200000, 0x0000000082300000, 0x0000000082300000|100%| O|  |TAMS 0x0000000082300000, 0x0000000082200000| Untracked 
|  35|0x0000000082300000, 0x0000000082400000, 0x0000000082400000|100%| O|  |TAMS 0x0000000082400000, 0x0000000082300000| Untracked 
|  36|0x0000000082400000, 0x0000000082500000, 0x0000000082500000|100%|HS|  |TAMS 0x0000000082500000, 0x0000000082400000| Complete 
|  37|0x0000000082500000, 0x0000000082600000, 0x0000000082600000|100%|HC|  |TAMS 0x0000000082600000, 0x0000000082500000| Complete 
|  38|0x0000000082600000, 0x0000000082700000, 0x0000000082700000|100%|HC|  |TAMS 0x0000000082700000, 0x0000000082600000| Complete 
|  39|0x0000000082700000, 0x0000000082800000, 0x0000000082800000|100%|HS|  |TAMS 0x0000000082800000, 0x0000000082700000| Complete 
|  40|0x0000000082800000, 0x0000000082900000, 0x0000000082900000|100%|HC|  |TAMS 0x0000000082900000, 0x0000000082800000| Complete 
|  41|0x0000000082900000, 0x0000000082a00000, 0x0000000082a00000|100%|HC|  |TAMS 0x0000000082a00000, 0x0000000082900000| Complete 
|  42|0x0000000082a00000, 0x0000000082b00000, 0x0000000082b00000|100%| O|  |TAMS 0x0000000082b00000, 0x0000000082a00000| Untracked 
|  43|0x0000000082b00000, 0x0000000082c00000, 0x0000000082c00000|100%| O|  |TAMS 0x0000000082c00000, 0x0000000082b00000| Untracked 
|  44|0x0000000082c00000, 0x0000000082d00000, 0x0000000082d00000|100%| O|  |TAMS 0x0000000082d00000, 0x0000000082c00000| Untracked 
|  45|0x0000000082d00000, 0x0000000082e00000, 0x0000000082e00000|100%| O|  |TAMS 0x0000000082e00000, 0x0000000082d00000| Untracked 
|  46|0x0000000082e00000, 0x0000000082f00000, 0x0000000082f00000|100%| O|  |TAMS 0x0000000082f00000, 0x0000000082e00000| Untracked 
|  47|0x0000000082f00000, 0x0000000083000000, 0x0000000083000000|100%| O|  |TAMS 0x0000000082f00000, 0x0000000082f00000| Untracked 
|  48|0x0000000083000000, 0x0000000083100000, 0x0000000083100000|100%|HS|  |TAMS 0x0000000083000000, 0x0000000083000000| Complete 
|  49|0x0000000083100000, 0x0000000083200000, 0x0000000083200000|100%|HS|  |TAMS 0x0000000083200000, 0x0000000083100000| Complete 
|  50|0x0000000083200000, 0x0000000083300000, 0x0000000083300000|100%| O|  |TAMS 0x0000000083300000, 0x0000000083200000| Untracked 
|  51|0x0000000083300000, 0x0000000083400000, 0x0000000083400000|100%| O|  |TAMS 0x0000000083400000, 0x0000000083300000| Untracked 
|  52|0x0000000083400000, 0x0000000083500000, 0x0000000083500000|100%| O|  |TAMS 0x0000000083500000, 0x0000000083400000| Untracked 
|  53|0x0000000083500000, 0x0000000083600000, 0x0000000083600000|100%| O|  |TAMS 0x0000000083600000, 0x0000000083500000| Untracked 
|  54|0x0000000083600000, 0x0000000083700000, 0x0000000083700000|100%| O|  |TAMS 0x0000000083700000, 0x0000000083600000| Untracked 
|  55|0x0000000083700000, 0x0000000083800000, 0x0000000083800000|100%| O|  |TAMS 0x0000000083800000, 0x0000000083700000| Untracked 
|  56|0x0000000083800000, 0x0000000083900000, 0x0000000083900000|100%| O|  |TAMS 0x0000000083900000, 0x0000000083800000| Untracked 
|  57|0x0000000083900000, 0x0000000083a00000, 0x0000000083a00000|100%| O|  |TAMS 0x0000000083a00000, 0x0000000083900000| Untracked 
|  58|0x0000000083a00000, 0x0000000083b00000, 0x0000000083b00000|100%| O|  |TAMS 0x0000000083b00000, 0x0000000083a00000| Untracked 
|  59|0x0000000083b00000, 0x0000000083b00000, 0x0000000083c00000|  0%| F|  |TAMS 0x0000000083b00000, 0x0000000083b00000| Untracked 
|  60|0x0000000083c00000, 0x0000000083d00000, 0x0000000083d00000|100%| O|  |TAMS 0x0000000083d00000, 0x0000000083c00000| Untracked 
|  61|0x0000000083d00000, 0x0000000083e00000, 0x0000000083e00000|100%| O|  |TAMS 0x0000000083d00000, 0x0000000083d00000| Untracked 
|  62|0x0000000083e00000, 0x0000000083f00000, 0x0000000083f00000|100%| O|  |TAMS 0x0000000083f00000, 0x0000000083e00000| Untracked 
|  63|0x0000000083f00000, 0x0000000084000000, 0x0000000084000000|100%| O|  |TAMS 0x0000000084000000, 0x0000000083f00000| Untracked 
|  64|0x0000000084000000, 0x0000000084100000, 0x0000000084100000|100%| O|  |TAMS 0x0000000084100000, 0x0000000084000000| Untracked 
|  65|0x0000000084100000, 0x0000000084200000, 0x0000000084200000|100%| O|  |TAMS 0x0000000084200000, 0x0000000084100000| Untracked 
|  66|0x0000000084200000, 0x0000000084300000, 0x0000000084300000|100%| O|  |TAMS 0x0000000084300000, 0x0000000084200000| Untracked 
|  67|0x0000000084300000, 0x0000000084400000, 0x0000000084400000|100%| O|  |TAMS 0x0000000084400000, 0x0000000084300000| Untracked 
|  68|0x0000000084400000, 0x0000000084500000, 0x0000000084500000|100%| O|  |TAMS 0x0000000084500000, 0x0000000084400000| Untracked 
|  69|0x0000000084500000, 0x0000000084600000, 0x0000000084600000|100%| O|  |TAMS 0x0000000084600000, 0x0000000084500000| Untracked 
|  70|0x0000000084600000, 0x0000000084700000, 0x0000000084700000|100%| O|  |TAMS 0x0000000084700000, 0x0000000084600000| Untracked 
|  71|0x0000000084700000, 0x0000000084700000, 0x0000000084800000|  0%| F|  |TAMS 0x0000000084700000, 0x0000000084700000| Untracked 
|  72|0x0000000084800000, 0x0000000084900000, 0x0000000084900000|100%|HS|  |TAMS 0x0000000084900000, 0x0000000084800000| Complete 
|  73|0x0000000084900000, 0x0000000084a00000, 0x0000000084a00000|100%|HS|  |TAMS 0x0000000084a00000, 0x0000000084900000| Complete 
|  74|0x0000000084a00000, 0x0000000084b00000, 0x0000000084b00000|100%|HS|  |TAMS 0x0000000084b00000, 0x0000000084a00000| Complete 
|  75|0x0000000084b00000, 0x0000000084c00000, 0x0000000084c00000|100%| O|  |TAMS 0x0000000084c00000, 0x0000000084b00000| Untracked 
|  76|0x0000000084c00000, 0x0000000084d00000, 0x0000000084d00000|100%|HS|  |TAMS 0x0000000084d00000, 0x0000000084c00000| Complete 
|  77|0x0000000084d00000, 0x0000000084e00000, 0x0000000084e00000|100%|HS|  |TAMS 0x0000000084e00000, 0x0000000084d00000| Complete 
|  78|0x0000000084e00000, 0x0000000084f00000, 0x0000000084f00000|100%| O|  |TAMS 0x0000000084f00000, 0x0000000084e00000| Untracked 
|  79|0x0000000084f00000, 0x0000000085000000, 0x0000000085000000|100%| O|  |TAMS 0x0000000085000000, 0x0000000084f00000| Untracked 
|  80|0x0000000085000000, 0x0000000085100000, 0x0000000085100000|100%| O|  |TAMS 0x0000000085100000, 0x0000000085000000| Untracked 
|  81|0x0000000085100000, 0x0000000085200000, 0x0000000085200000|100%| O|  |TAMS 0x0000000085200000, 0x0000000085100000| Untracked 
|  82|0x0000000085200000, 0x0000000085300000, 0x0000000085300000|100%| O|  |TAMS 0x0000000085300000, 0x0000000085200000| Untracked 
|  83|0x0000000085300000, 0x0000000085400000, 0x0000000085400000|100%| O|  |TAMS 0x0000000085400000, 0x0000000085300000| Untracked 
|  84|0x0000000085400000, 0x0000000085500000, 0x0000000085500000|100%| O|  |TAMS 0x0000000085500000, 0x0000000085400000| Untracked 
|  85|0x0000000085500000, 0x0000000085500000, 0x0000000085600000|  0%| F|  |TAMS 0x0000000085500000, 0x0000000085500000| Untracked 
|  86|0x0000000085600000, 0x0000000085700000, 0x0000000085700000|100%| O|  |TAMS 0x0000000085700000, 0x0000000085600000| Untracked 
|  87|0x0000000085700000, 0x0000000085800000, 0x0000000085800000|100%| O|  |TAMS 0x0000000085800000, 0x0000000085700000| Untracked 
|  88|0x0000000085800000, 0x0000000085900000, 0x0000000085900000|100%| O|  |TAMS 0x0000000085900000, 0x0000000085800000| Untracked 
|  89|0x0000000085900000, 0x0000000085a00000, 0x0000000085a00000|100%|HS|  |TAMS 0x0000000085a00000, 0x0000000085900000| Complete 
|  90|0x0000000085a00000, 0x0000000085b00000, 0x0000000085b00000|100%|HS|  |TAMS 0x0000000085b00000, 0x0000000085a00000| Complete 
|  91|0x0000000085b00000, 0x0000000085c00000, 0x0000000085c00000|100%|HC|  |TAMS 0x0000000085c00000, 0x0000000085b00000| Complete 
|  92|0x0000000085c00000, 0x0000000085d00000, 0x0000000085d00000|100%|HC|  |TAMS 0x0000000085d00000, 0x0000000085c00000| Complete 
|  93|0x0000000085d00000, 0x0000000085e00000, 0x0000000085e00000|100%| O|  |TAMS 0x0000000085e00000, 0x0000000085d00000| Untracked 
|  94|0x0000000085e00000, 0x0000000085f00000, 0x0000000085f00000|100%| O|  |TAMS 0x0000000085f00000, 0x0000000085e00000| Untracked 
|  95|0x0000000085f00000, 0x0000000086000000, 0x0000000086000000|100%| O|  |TAMS 0x0000000086000000, 0x0000000085f00000| Untracked 
|  96|0x0000000086000000, 0x0000000086000000, 0x0000000086100000|  0%| F|  |TAMS 0x0000000086000000, 0x0000000086000000| Untracked 
|  97|0x0000000086100000, 0x0000000086200000, 0x0000000086200000|100%| O|  |TAMS 0x0000000086200000, 0x0000000086100000| Untracked 
|  98|0x0000000086200000, 0x0000000086200000, 0x0000000086300000|  0%| F|  |TAMS 0x0000000086200000, 0x0000000086200000| Untracked 
|  99|0x0000000086300000, 0x0000000086400000, 0x0000000086400000|100%| O|  |TAMS 0x0000000086400000, 0x0000000086300000| Untracked 
| 100|0x0000000086400000, 0x0000000086400000, 0x0000000086500000|  0%| F|  |TAMS 0x0000000086400000, 0x0000000086400000| Untracked 
| 101|0x0000000086500000, 0x0000000086500000, 0x0000000086600000|  0%| F|  |TAMS 0x0000000086500000, 0x0000000086500000| Untracked 
| 102|0x0000000086600000, 0x0000000086700000, 0x0000000086700000|100%| O|  |TAMS 0x0000000086700000, 0x0000000086600000| Untracked 
| 103|0x0000000086700000, 0x0000000086800000, 0x0000000086800000|100%| O|  |TAMS 0x0000000086800000, 0x0000000086700000| Untracked 
| 104|0x0000000086800000, 0x0000000086900000, 0x0000000086900000|100%| O|  |TAMS 0x0000000086900000, 0x0000000086800000| Untracked 
| 105|0x0000000086900000, 0x0000000086a00000, 0x0000000086a00000|100%| O|  |TAMS 0x0000000086a00000, 0x0000000086900000| Untracked 
| 106|0x0000000086a00000, 0x0000000086b00000, 0x0000000086b00000|100%|HS|  |TAMS 0x0000000086b00000, 0x0000000086a00000| Complete 
| 107|0x0000000086b00000, 0x0000000086c00000, 0x0000000086c00000|100%|HS|  |TAMS 0x0000000086c00000, 0x0000000086b00000| Complete 
| 108|0x0000000086c00000, 0x0000000086d00000, 0x0000000086d00000|100%| O|  |TAMS 0x0000000086d00000, 0x0000000086c00000| Untracked 
| 109|0x0000000086d00000, 0x0000000086e00000, 0x0000000086e00000|100%|HS|  |TAMS 0x0000000086e00000, 0x0000000086d00000| Complete 
| 110|0x0000000086e00000, 0x0000000086f00000, 0x0000000086f00000|100%|HC|  |TAMS 0x0000000086f00000, 0x0000000086e00000| Complete 
| 111|0x0000000086f00000, 0x0000000087000000, 0x0000000087000000|100%| O|  |TAMS 0x0000000087000000, 0x0000000086f00000| Untracked 
| 112|0x0000000087000000, 0x0000000087100000, 0x0000000087100000|100%| O|  |TAMS 0x0000000087100000, 0x0000000087000000| Untracked 
| 113|0x0000000087100000, 0x0000000087200000, 0x0000000087200000|100%| O|  |TAMS 0x0000000087200000, 0x0000000087100000| Untracked 
| 114|0x0000000087200000, 0x0000000087300000, 0x0000000087300000|100%| O|  |TAMS 0x0000000087300000, 0x0000000087200000| Untracked 
| 115|0x0000000087300000, 0x0000000087400000, 0x0000000087400000|100%| O|  |TAMS 0x0000000087300000, 0x0000000087300000| Untracked 
| 116|0x0000000087400000, 0x0000000087500000, 0x0000000087500000|100%| O|  |TAMS 0x0000000087500000, 0x0000000087400000| Untracked 
| 117|0x0000000087500000, 0x0000000087600000, 0x0000000087600000|100%| O|  |TAMS 0x0000000087600000, 0x0000000087500000| Untracked 
| 118|0x0000000087600000, 0x0000000087700000, 0x0000000087700000|100%| O|  |TAMS 0x0000000087700000, 0x0000000087600000| Untracked 
| 119|0x0000000087700000, 0x0000000087800000, 0x0000000087800000|100%| O|  |TAMS 0x0000000087800000, 0x0000000087700000| Untracked 
| 120|0x0000000087800000, 0x0000000087900000, 0x0000000087900000|100%| O|  |TAMS 0x0000000087900000, 0x0000000087800000| Untracked 
| 121|0x0000000087900000, 0x0000000087a00000, 0x0000000087a00000|100%| O|  |TAMS 0x0000000087a00000, 0x0000000087900000| Untracked 
| 122|0x0000000087a00000, 0x0000000087b00000, 0x0000000087b00000|100%| O|  |TAMS 0x0000000087b00000, 0x0000000087a00000| Untracked 
| 123|0x0000000087b00000, 0x0000000087c00000, 0x0000000087c00000|100%| O|  |TAMS 0x0000000087c00000, 0x0000000087b00000| Untracked 
| 124|0x0000000087c00000, 0x0000000087d00000, 0x0000000087d00000|100%| O|  |TAMS 0x0000000087d00000, 0x0000000087c00000| Untracked 
| 125|0x0000000087d00000, 0x0000000087e00000, 0x0000000087e00000|100%| O|  |TAMS 0x0000000087e00000, 0x0000000087d00000| Untracked 
| 126|0x0000000087e00000, 0x0000000087f00000, 0x0000000087f00000|100%| O|  |TAMS 0x0000000087f00000, 0x0000000087e00000| Untracked 
| 127|0x0000000087f00000, 0x0000000088000000, 0x0000000088000000|100%| O|  |TAMS 0x0000000088000000, 0x0000000087f00000| Untracked 
| 128|0x0000000088000000, 0x0000000088100000, 0x0000000088100000|100%| O|  |TAMS 0x0000000088100000, 0x0000000088000000| Untracked 
| 129|0x0000000088100000, 0x0000000088200000, 0x0000000088200000|100%| O|  |TAMS 0x0000000088200000, 0x0000000088100000| Untracked 
| 130|0x0000000088200000, 0x0000000088300000, 0x0000000088300000|100%| O|  |TAMS 0x0000000088300000, 0x0000000088200000| Untracked 
| 131|0x0000000088300000, 0x0000000088400000, 0x0000000088400000|100%| O|  |TAMS 0x0000000088400000, 0x0000000088300000| Untracked 
| 132|0x0000000088400000, 0x0000000088500000, 0x0000000088500000|100%| O|  |TAMS 0x0000000088500000, 0x0000000088400000| Untracked 
| 133|0x0000000088500000, 0x0000000088600000, 0x0000000088600000|100%| O|  |TAMS 0x0000000088600000, 0x0000000088500000| Untracked 
| 134|0x0000000088600000, 0x0000000088700000, 0x0000000088700000|100%| O|  |TAMS 0x0000000088700000, 0x0000000088600000| Untracked 
| 135|0x0000000088700000, 0x0000000088800000, 0x0000000088800000|100%| O|  |TAMS 0x0000000088800000, 0x0000000088700000| Untracked 
| 136|0x0000000088800000, 0x0000000088900000, 0x0000000088900000|100%| O|  |TAMS 0x0000000088900000, 0x0000000088800000| Untracked 
| 137|0x0000000088900000, 0x0000000088a00000, 0x0000000088a00000|100%| O|  |TAMS 0x0000000088a00000, 0x0000000088900000| Untracked 
| 138|0x0000000088a00000, 0x0000000088b00000, 0x0000000088b00000|100%| O|  |TAMS 0x0000000088b00000, 0x0000000088a00000| Untracked 
| 139|0x0000000088b00000, 0x0000000088c00000, 0x0000000088c00000|100%| O|  |TAMS 0x0000000088c00000, 0x0000000088b00000| Untracked 
| 140|0x0000000088c00000, 0x0000000088d00000, 0x0000000088d00000|100%| O|  |TAMS 0x0000000088c00000, 0x0000000088c00000| Untracked 
| 141|0x0000000088d00000, 0x0000000088e00000, 0x0000000088e00000|100%| O|  |TAMS 0x0000000088e00000, 0x0000000088d00000| Untracked 
| 142|0x0000000088e00000, 0x0000000088f00000, 0x0000000088f00000|100%| O|  |TAMS 0x0000000088f00000, 0x0000000088e00000| Untracked 
| 143|0x0000000088f00000, 0x0000000089000000, 0x0000000089000000|100%| O|  |TAMS 0x0000000089000000, 0x0000000088f00000| Untracked 
| 144|0x0000000089000000, 0x0000000089100000, 0x0000000089100000|100%| O|  |TAMS 0x0000000089100000, 0x0000000089000000| Untracked 
| 145|0x0000000089100000, 0x0000000089200000, 0x0000000089200000|100%| O|  |TAMS 0x0000000089200000, 0x0000000089100000| Untracked 
| 146|0x0000000089200000, 0x0000000089300000, 0x0000000089300000|100%| O|  |TAMS 0x0000000089300000, 0x0000000089200000| Untracked 
| 147|0x0000000089300000, 0x0000000089400000, 0x0000000089400000|100%| O|  |TAMS 0x0000000089400000, 0x0000000089300000| Untracked 
| 148|0x0000000089400000, 0x0000000089500000, 0x0000000089500000|100%| O|  |TAMS 0x0000000089500000, 0x0000000089400000| Untracked 
| 149|0x0000000089500000, 0x0000000089500000, 0x0000000089600000|  0%| F|  |TAMS 0x0000000089500000, 0x0000000089500000| Untracked 
| 150|0x0000000089600000, 0x0000000089700000, 0x0000000089700000|100%| O|  |TAMS 0x0000000089700000, 0x0000000089600000| Untracked 
| 151|0x0000000089700000, 0x0000000089800000, 0x0000000089800000|100%| O|  |TAMS 0x0000000089800000, 0x0000000089700000| Untracked 
| 152|0x0000000089800000, 0x0000000089900000, 0x0000000089900000|100%| O|  |TAMS 0x0000000089900000, 0x0000000089800000| Untracked 
| 153|0x0000000089900000, 0x0000000089a00000, 0x0000000089a00000|100%| O|  |TAMS 0x0000000089a00000, 0x0000000089900000| Untracked 
| 154|0x0000000089a00000, 0x0000000089b00000, 0x0000000089b00000|100%| O|  |TAMS 0x0000000089b00000, 0x0000000089a00000| Untracked 
| 155|0x0000000089b00000, 0x0000000089c00000, 0x0000000089c00000|100%| O|  |TAMS 0x0000000089c00000, 0x0000000089b00000| Untracked 
| 156|0x0000000089c00000, 0x0000000089d00000, 0x0000000089d00000|100%| O|  |TAMS 0x0000000089d00000, 0x0000000089c00000| Untracked 
| 157|0x0000000089d00000, 0x0000000089e00000, 0x0000000089e00000|100%| O|  |TAMS 0x0000000089e00000, 0x0000000089d00000| Untracked 
| 158|0x0000000089e00000, 0x0000000089f00000, 0x0000000089f00000|100%| O|  |TAMS 0x0000000089f00000, 0x0000000089e00000| Untracked 
| 159|0x0000000089f00000, 0x000000008a000000, 0x000000008a000000|100%| O|  |TAMS 0x000000008a000000, 0x0000000089f00000| Untracked 
| 160|0x000000008a000000, 0x000000008a100000, 0x000000008a100000|100%| O|  |TAMS 0x000000008a100000, 0x000000008a000000| Untracked 
| 161|0x000000008a100000, 0x000000008a200000, 0x000000008a200000|100%| O|  |TAMS 0x000000008a200000, 0x000000008a100000| Untracked 
| 162|0x000000008a200000, 0x000000008a300000, 0x000000008a300000|100%| O|  |TAMS 0x000000008a300000, 0x000000008a200000| Untracked 
| 163|0x000000008a300000, 0x000000008a400000, 0x000000008a400000|100%| O|  |TAMS 0x000000008a400000, 0x000000008a300000| Untracked 
| 164|0x000000008a400000, 0x000000008a500000, 0x000000008a500000|100%| O|  |TAMS 0x000000008a500000, 0x000000008a400000| Untracked 
| 165|0x000000008a500000, 0x000000008a600000, 0x000000008a600000|100%| O|  |TAMS 0x000000008a600000, 0x000000008a500000| Untracked 
| 166|0x000000008a600000, 0x000000008a700000, 0x000000008a700000|100%| O|  |TAMS 0x000000008a700000, 0x000000008a600000| Untracked 
| 167|0x000000008a700000, 0x000000008a800000, 0x000000008a800000|100%| O|  |TAMS 0x000000008a800000, 0x000000008a700000| Untracked 
| 168|0x000000008a800000, 0x000000008a900000, 0x000000008a900000|100%| O|  |TAMS 0x000000008a900000, 0x000000008a800000| Untracked 
| 169|0x000000008a900000, 0x000000008aa00000, 0x000000008aa00000|100%| O|  |TAMS 0x000000008aa00000, 0x000000008a900000| Untracked 
| 170|0x000000008aa00000, 0x000000008ab00000, 0x000000008ab00000|100%| O|  |TAMS 0x000000008ab00000, 0x000000008aa00000| Untracked 
| 171|0x000000008ab00000, 0x000000008ac00000, 0x000000008ac00000|100%| O|  |TAMS 0x000000008ac00000, 0x000000008ab00000| Untracked 
| 172|0x000000008ac00000, 0x000000008ad00000, 0x000000008ad00000|100%| O|  |TAMS 0x000000008ad00000, 0x000000008ac00000| Untracked 
| 173|0x000000008ad00000, 0x000000008ae00000, 0x000000008ae00000|100%| O|  |TAMS 0x000000008ae00000, 0x000000008ad00000| Untracked 
| 174|0x000000008ae00000, 0x000000008af00000, 0x000000008af00000|100%| O|  |TAMS 0x000000008af00000, 0x000000008ae00000| Untracked 
| 175|0x000000008af00000, 0x000000008b000000, 0x000000008b000000|100%| O|  |TAMS 0x000000008b000000, 0x000000008af00000| Untracked 
| 176|0x000000008b000000, 0x000000008b100000, 0x000000008b100000|100%| O|  |TAMS 0x000000008b100000, 0x000000008b000000| Untracked 
| 177|0x000000008b100000, 0x000000008b200000, 0x000000008b200000|100%| O|  |TAMS 0x000000008b200000, 0x000000008b100000| Untracked 
| 178|0x000000008b200000, 0x000000008b300000, 0x000000008b300000|100%| O|  |TAMS 0x000000008b300000, 0x000000008b200000| Untracked 
| 179|0x000000008b300000, 0x000000008b400000, 0x000000008b400000|100%| O|  |TAMS 0x000000008b400000, 0x000000008b300000| Untracked 
| 180|0x000000008b400000, 0x000000008b500000, 0x000000008b500000|100%| O|  |TAMS 0x000000008b500000, 0x000000008b400000| Untracked 
| 181|0x000000008b500000, 0x000000008b600000, 0x000000008b600000|100%| O|  |TAMS 0x000000008b500000, 0x000000008b500000| Untracked 
| 182|0x000000008b600000, 0x000000008b700000, 0x000000008b700000|100%| O|  |TAMS 0x000000008b700000, 0x000000008b600000| Untracked 
| 183|0x000000008b700000, 0x000000008b800000, 0x000000008b800000|100%| O|  |TAMS 0x000000008b800000, 0x000000008b700000| Untracked 
| 184|0x000000008b800000, 0x000000008b899200, 0x000000008b900000| 59%| O|  |TAMS 0x000000008b800000, 0x000000008b800000| Untracked 
| 185|0x000000008b900000, 0x000000008b900000, 0x000000008ba00000|  0%| F|  |TAMS 0x000000008b900000, 0x000000008b900000| Untracked 
| 186|0x000000008ba00000, 0x000000008ba00000, 0x000000008bb00000|  0%| F|  |TAMS 0x000000008ba00000, 0x000000008ba00000| Untracked 
| 187|0x000000008bb00000, 0x000000008bb00000, 0x000000008bc00000|  0%| F|  |TAMS 0x000000008bb00000, 0x000000008bb00000| Untracked 
| 188|0x000000008bc00000, 0x000000008bd00000, 0x000000008bd00000|100%| O|  |TAMS 0x000000008bd00000, 0x000000008bc00000| Untracked 
| 189|0x000000008bd00000, 0x000000008be00000, 0x000000008be00000|100%| O|  |TAMS 0x000000008be00000, 0x000000008bd00000| Untracked 
| 190|0x000000008be00000, 0x000000008bf00000, 0x000000008bf00000|100%| O|  |TAMS 0x000000008bf00000, 0x000000008be00000| Untracked 
| 191|0x000000008bf00000, 0x000000008c000000, 0x000000008c000000|100%|HS|  |TAMS 0x000000008c000000, 0x000000008bf00000| Complete 
| 192|0x000000008c000000, 0x000000008c100000, 0x000000008c100000|100%|HC|  |TAMS 0x000000008c100000, 0x000000008c000000| Complete 
| 193|0x000000008c100000, 0x000000008c200000, 0x000000008c200000|100%|HC|  |TAMS 0x000000008c200000, 0x000000008c100000| Complete 
| 194|0x000000008c200000, 0x000000008c300000, 0x000000008c300000|100%| O|  |TAMS 0x000000008c300000, 0x000000008c200000| Untracked 
| 195|0x000000008c300000, 0x000000008c300000, 0x000000008c400000|  0%| F|  |TAMS 0x000000008c300000, 0x000000008c300000| Untracked 
| 196|0x000000008c400000, 0x000000008c500000, 0x000000008c500000|100%| O|  |TAMS 0x000000008c500000, 0x000000008c400000| Untracked 
| 197|0x000000008c500000, 0x000000008c500000, 0x000000008c600000|  0%| F|  |TAMS 0x000000008c500000, 0x000000008c500000| Untracked 
| 198|0x000000008c600000, 0x000000008c600000, 0x000000008c700000|  0%| F|  |TAMS 0x000000008c600000, 0x000000008c600000| Untracked 
| 199|0x000000008c700000, 0x000000008c800000, 0x000000008c800000|100%| O|  |TAMS 0x000000008c800000, 0x000000008c700000| Untracked 
| 200|0x000000008c800000, 0x000000008c800000, 0x000000008c900000|  0%| F|  |TAMS 0x000000008c800000, 0x000000008c800000| Untracked 
| 201|0x000000008c900000, 0x000000008c900000, 0x000000008ca00000|  0%| F|  |TAMS 0x000000008c900000, 0x000000008c900000| Untracked 
| 202|0x000000008ca00000, 0x000000008ca00000, 0x000000008cb00000|  0%| F|  |TAMS 0x000000008ca00000, 0x000000008ca00000| Untracked 
| 203|0x000000008cb00000, 0x000000008cb00000, 0x000000008cc00000|  0%| F|  |TAMS 0x000000008cb00000, 0x000000008cb00000| Untracked 
| 204|0x000000008cc00000, 0x000000008cc00000, 0x000000008cd00000|  0%| F|  |TAMS 0x000000008cc00000, 0x000000008cc00000| Untracked 
| 205|0x000000008cd00000, 0x000000008ce00000, 0x000000008ce00000|100%| O|  |TAMS 0x000000008ce00000, 0x000000008cd00000| Untracked 
| 206|0x000000008ce00000, 0x000000008cf00000, 0x000000008cf00000|100%| O|  |TAMS 0x000000008cf00000, 0x000000008ce00000| Untracked 
| 207|0x000000008cf00000, 0x000000008cf00000, 0x000000008d000000|  0%| F|  |TAMS 0x000000008cf00000, 0x000000008cf00000| Untracked 
| 208|0x000000008d000000, 0x000000008d000000, 0x000000008d100000|  0%| F|  |TAMS 0x000000008d000000, 0x000000008d000000| Untracked 
| 209|0x000000008d100000, 0x000000008d100000, 0x000000008d200000|  0%| F|  |TAMS 0x000000008d100000, 0x000000008d100000| Untracked 
| 210|0x000000008d200000, 0x000000008d200000, 0x000000008d300000|  0%| F|  |TAMS 0x000000008d200000, 0x000000008d200000| Untracked 
| 211|0x000000008d300000, 0x000000008d300000, 0x000000008d400000|  0%| F|  |TAMS 0x000000008d300000, 0x000000008d300000| Untracked 
| 212|0x000000008d400000, 0x000000008d400000, 0x000000008d500000|  0%| F|  |TAMS 0x000000008d400000, 0x000000008d400000| Untracked 
| 213|0x000000008d500000, 0x000000008d500000, 0x000000008d600000|  0%| F|  |TAMS 0x000000008d500000, 0x000000008d500000| Untracked 
| 214|0x000000008d600000, 0x000000008d700000, 0x000000008d700000|100%| O|  |TAMS 0x000000008d700000, 0x000000008d600000| Untracked 
| 215|0x000000008d700000, 0x000000008d800000, 0x000000008d800000|100%| O|  |TAMS 0x000000008d800000, 0x000000008d700000| Untracked 
| 216|0x000000008d800000, 0x000000008d900000, 0x000000008d900000|100%| O|  |TAMS 0x000000008d900000, 0x000000008d800000| Untracked 
| 217|0x000000008d900000, 0x000000008da00000, 0x000000008da00000|100%| O|  |TAMS 0x000000008da00000, 0x000000008d900000| Untracked 
| 218|0x000000008da00000, 0x000000008db00000, 0x000000008db00000|100%| O|  |TAMS 0x000000008db00000, 0x000000008da00000| Untracked 
| 219|0x000000008db00000, 0x000000008dc00000, 0x000000008dc00000|100%| O|  |TAMS 0x000000008dc00000, 0x000000008db00000| Untracked 
| 220|0x000000008dc00000, 0x000000008dd00000, 0x000000008dd00000|100%| O|  |TAMS 0x000000008dd00000, 0x000000008dc00000| Untracked 
| 221|0x000000008dd00000, 0x000000008de00000, 0x000000008de00000|100%| O|  |TAMS 0x000000008de00000, 0x000000008dd00000| Untracked 
| 222|0x000000008de00000, 0x000000008df00000, 0x000000008df00000|100%| O|  |TAMS 0x000000008df00000, 0x000000008de00000| Untracked 
| 223|0x000000008df00000, 0x000000008e000000, 0x000000008e000000|100%| O|  |TAMS 0x000000008e000000, 0x000000008df00000| Untracked 
| 224|0x000000008e000000, 0x000000008e100000, 0x000000008e100000|100%| O|  |TAMS 0x000000008e100000, 0x000000008e000000| Untracked 
| 225|0x000000008e100000, 0x000000008e200000, 0x000000008e200000|100%| O|  |TAMS 0x000000008e200000, 0x000000008e100000| Untracked 
| 226|0x000000008e200000, 0x000000008e300000, 0x000000008e300000|100%| O|  |TAMS 0x000000008e300000, 0x000000008e200000| Untracked 
| 227|0x000000008e300000, 0x000000008e300000, 0x000000008e400000|  0%| F|  |TAMS 0x000000008e300000, 0x000000008e300000| Untracked 
| 228|0x000000008e400000, 0x000000008e500000, 0x000000008e500000|100%| O|  |TAMS 0x000000008e500000, 0x000000008e400000| Untracked 
| 229|0x000000008e500000, 0x000000008e600000, 0x000000008e600000|100%| O|  |TAMS 0x000000008e600000, 0x000000008e500000| Untracked 
| 230|0x000000008e600000, 0x000000008e700000, 0x000000008e700000|100%| O|  |TAMS 0x000000008e700000, 0x000000008e600000| Untracked 
| 231|0x000000008e700000, 0x000000008e800000, 0x000000008e800000|100%| O|  |TAMS 0x000000008e800000, 0x000000008e700000| Untracked 
| 232|0x000000008e800000, 0x000000008e900000, 0x000000008e900000|100%| O|  |TAMS 0x000000008e900000, 0x000000008e800000| Untracked 
| 233|0x000000008e900000, 0x000000008ea00000, 0x000000008ea00000|100%| O|  |TAMS 0x000000008ea00000, 0x000000008e900000| Untracked 
| 234|0x000000008ea00000, 0x000000008eb00000, 0x000000008eb00000|100%| O|  |TAMS 0x000000008eb00000, 0x000000008ea00000| Untracked 
| 235|0x000000008eb00000, 0x000000008ec00000, 0x000000008ec00000|100%| O|  |TAMS 0x000000008ec00000, 0x000000008eb00000| Untracked 
| 236|0x000000008ec00000, 0x000000008ed00000, 0x000000008ed00000|100%| O|  |TAMS 0x000000008ed00000, 0x000000008ec00000| Untracked 
| 237|0x000000008ed00000, 0x000000008ee00000, 0x000000008ee00000|100%| O|  |TAMS 0x000000008ee00000, 0x000000008ed00000| Untracked 
| 238|0x000000008ee00000, 0x000000008ef00000, 0x000000008ef00000|100%| O|  |TAMS 0x000000008ef00000, 0x000000008ee00000| Untracked 
| 239|0x000000008ef00000, 0x000000008f000000, 0x000000008f000000|100%| O|  |TAMS 0x000000008ef94400, 0x000000008ef00000| Untracked 
| 240|0x000000008f000000, 0x000000008f000000, 0x000000008f100000|  0%| F|  |TAMS 0x000000008f000000, 0x000000008f000000| Untracked 
| 241|0x000000008f100000, 0x000000008f100000, 0x000000008f200000|  0%| F|  |TAMS 0x000000008f100000, 0x000000008f100000| Untracked 
| 242|0x000000008f200000, 0x000000008f200000, 0x000000008f300000|  0%| F|  |TAMS 0x000000008f200000, 0x000000008f200000| Untracked 
| 243|0x000000008f300000, 0x000000008f300000, 0x000000008f400000|  0%| F|  |TAMS 0x000000008f300000, 0x000000008f300000| Untracked 
| 244|0x000000008f400000, 0x000000008f400000, 0x000000008f500000|  0%| F|  |TAMS 0x000000008f400000, 0x000000008f400000| Untracked 
| 245|0x000000008f500000, 0x000000008f500000, 0x000000008f600000|  0%| F|  |TAMS 0x000000008f500000, 0x000000008f500000| Untracked 
| 246|0x000000008f600000, 0x000000008f600000, 0x000000008f700000|  0%| F|  |TAMS 0x000000008f600000, 0x000000008f600000| Untracked 
| 247|0x000000008f700000, 0x000000008f700000, 0x000000008f800000|  0%| F|  |TAMS 0x000000008f700000, 0x000000008f700000| Untracked 
| 248|0x000000008f800000, 0x000000008f800000, 0x000000008f900000|  0%| F|  |TAMS 0x000000008f800000, 0x000000008f800000| Untracked 
| 249|0x000000008f900000, 0x000000008f900000, 0x000000008fa00000|  0%| F|  |TAMS 0x000000008f900000, 0x000000008f900000| Untracked 
| 250|0x000000008fa00000, 0x000000008fa00000, 0x000000008fb00000|  0%| F|  |TAMS 0x000000008fa00000, 0x000000008fa00000| Untracked 
| 251|0x000000008fb00000, 0x000000008fb00000, 0x000000008fc00000|  0%| F|  |TAMS 0x000000008fb00000, 0x000000008fb00000| Untracked 
| 252|0x000000008fc00000, 0x000000008fc00000, 0x000000008fd00000|  0%| F|  |TAMS 0x000000008fc00000, 0x000000008fc00000| Untracked 
| 253|0x000000008fd00000, 0x000000008fd00000, 0x000000008fe00000|  0%| F|  |TAMS 0x000000008fd00000, 0x000000008fd00000| Untracked 
| 254|0x000000008fe00000, 0x000000008fe00000, 0x000000008ff00000|  0%| F|  |TAMS 0x000000008fe00000, 0x000000008fe00000| Untracked 
| 255|0x000000008ff00000, 0x000000008ff00000, 0x0000000090000000|  0%| F|  |TAMS 0x000000008ff00000, 0x000000008ff00000| Untracked 
| 256|0x0000000090000000, 0x0000000090000000, 0x0000000090100000|  0%| F|  |TAMS 0x0000000090000000, 0x0000000090000000| Untracked 
| 257|0x0000000090100000, 0x0000000090100000, 0x0000000090200000|  0%| F|  |TAMS 0x0000000090100000, 0x0000000090100000| Untracked 
| 258|0x0000000090200000, 0x0000000090200000, 0x0000000090300000|  0%| F|  |TAMS 0x0000000090200000, 0x0000000090200000| Untracked 
| 259|0x0000000090300000, 0x0000000090300000, 0x0000000090400000|  0%| F|  |TAMS 0x0000000090300000, 0x0000000090300000| Untracked 
| 260|0x0000000090400000, 0x0000000090400000, 0x0000000090500000|  0%| F|  |TAMS 0x0000000090400000, 0x0000000090400000| Untracked 
| 261|0x0000000090500000, 0x0000000090500000, 0x0000000090600000|  0%| F|  |TAMS 0x0000000090500000, 0x0000000090500000| Untracked 
| 262|0x0000000090600000, 0x0000000090600000, 0x0000000090700000|  0%| F|  |TAMS 0x0000000090600000, 0x0000000090600000| Untracked 
| 263|0x0000000090700000, 0x0000000090700000, 0x0000000090800000|  0%| F|  |TAMS 0x0000000090700000, 0x0000000090700000| Untracked 
| 264|0x0000000090800000, 0x0000000090800000, 0x0000000090900000|  0%| F|  |TAMS 0x0000000090800000, 0x0000000090800000| Untracked 
| 265|0x0000000090900000, 0x0000000090900000, 0x0000000090a00000|  0%| F|  |TAMS 0x0000000090900000, 0x0000000090900000| Untracked 
| 266|0x0000000090a00000, 0x0000000090a00000, 0x0000000090b00000|  0%| F|  |TAMS 0x0000000090a00000, 0x0000000090a00000| Untracked 
| 267|0x0000000090b00000, 0x0000000090b00000, 0x0000000090c00000|  0%| F|  |TAMS 0x0000000090b00000, 0x0000000090b00000| Untracked 
| 268|0x0000000090c00000, 0x0000000090c00000, 0x0000000090d00000|  0%| F|  |TAMS 0x0000000090c00000, 0x0000000090c00000| Untracked 
| 269|0x0000000090d00000, 0x0000000090d00000, 0x0000000090e00000|  0%| F|  |TAMS 0x0000000090d00000, 0x0000000090d00000| Untracked 
| 270|0x0000000090e00000, 0x0000000090e00000, 0x0000000090f00000|  0%| F|  |TAMS 0x0000000090e00000, 0x0000000090e00000| Untracked 
| 271|0x0000000090f00000, 0x0000000090f00000, 0x0000000091000000|  0%| F|  |TAMS 0x0000000090f00000, 0x0000000090f00000| Untracked 
| 272|0x0000000091000000, 0x0000000091000000, 0x0000000091100000|  0%| F|  |TAMS 0x0000000091000000, 0x0000000091000000| Untracked 
| 273|0x0000000091100000, 0x0000000091100000, 0x0000000091200000|  0%| F|  |TAMS 0x0000000091100000, 0x0000000091100000| Untracked 
| 274|0x0000000091200000, 0x0000000091200000, 0x0000000091300000|  0%| F|  |TAMS 0x0000000091200000, 0x0000000091200000| Untracked 
| 275|0x0000000091300000, 0x0000000091300000, 0x0000000091400000|  0%| F|  |TAMS 0x0000000091300000, 0x0000000091300000| Untracked 
| 276|0x0000000091400000, 0x0000000091400000, 0x0000000091500000|  0%| F|  |TAMS 0x0000000091400000, 0x0000000091400000| Untracked 
| 277|0x0000000091500000, 0x0000000091500000, 0x0000000091600000|  0%| F|  |TAMS 0x0000000091500000, 0x0000000091500000| Untracked 
| 278|0x0000000091600000, 0x0000000091600000, 0x0000000091700000|  0%| F|  |TAMS 0x0000000091600000, 0x0000000091600000| Untracked 
| 279|0x0000000091700000, 0x0000000091700000, 0x0000000091800000|  0%| F|  |TAMS 0x0000000091700000, 0x0000000091700000| Untracked 
| 280|0x0000000091800000, 0x0000000091800000, 0x0000000091900000|  0%| F|  |TAMS 0x0000000091800000, 0x0000000091800000| Untracked 
| 281|0x0000000091900000, 0x0000000091900000, 0x0000000091a00000|  0%| F|  |TAMS 0x0000000091900000, 0x0000000091900000| Untracked 
| 282|0x0000000091a00000, 0x0000000091a00000, 0x0000000091b00000|  0%| F|  |TAMS 0x0000000091a00000, 0x0000000091a00000| Untracked 
| 283|0x0000000091b00000, 0x0000000091b00000, 0x0000000091c00000|  0%| F|  |TAMS 0x0000000091b00000, 0x0000000091b00000| Untracked 
| 284|0x0000000091c00000, 0x0000000091c00000, 0x0000000091d00000|  0%| F|  |TAMS 0x0000000091c00000, 0x0000000091c00000| Untracked 
| 285|0x0000000091d00000, 0x0000000091d00000, 0x0000000091e00000|  0%| F|  |TAMS 0x0000000091d00000, 0x0000000091d00000| Untracked 
| 286|0x0000000091e00000, 0x0000000091e00000, 0x0000000091f00000|  0%| F|  |TAMS 0x0000000091e00000, 0x0000000091e00000| Untracked 
| 287|0x0000000091f00000, 0x0000000091f00000, 0x0000000092000000|  0%| F|  |TAMS 0x0000000091f00000, 0x0000000091f00000| Untracked 
| 288|0x0000000092000000, 0x0000000092000000, 0x0000000092100000|  0%| F|  |TAMS 0x0000000092000000, 0x0000000092000000| Untracked 
| 289|0x0000000092100000, 0x0000000092100000, 0x0000000092200000|  0%| F|  |TAMS 0x0000000092100000, 0x0000000092100000| Untracked 
| 290|0x0000000092200000, 0x000000009223ce60, 0x0000000092300000| 23%| S|CS|TAMS 0x0000000092200000, 0x0000000092200000| Complete 
| 291|0x0000000092300000, 0x0000000092400000, 0x0000000092400000|100%| S|CS|TAMS 0x0000000092300000, 0x0000000092300000| Complete 
| 292|0x0000000092400000, 0x0000000092500000, 0x0000000092500000|100%| S|CS|TAMS 0x0000000092400000, 0x0000000092400000| Complete 
| 293|0x0000000092500000, 0x0000000092600000, 0x0000000092600000|100%| S|CS|TAMS 0x0000000092500000, 0x0000000092500000| Complete 
| 294|0x0000000092600000, 0x0000000092700000, 0x0000000092700000|100%| S|CS|TAMS 0x0000000092600000, 0x0000000092600000| Complete 
| 295|0x0000000092700000, 0x0000000092700000, 0x0000000092800000|  0%| F|  |TAMS 0x0000000092700000, 0x0000000092700000| Untracked 
| 296|0x0000000092800000, 0x0000000092800000, 0x0000000092900000|  0%| F|  |TAMS 0x0000000092800000, 0x0000000092800000| Untracked 
| 297|0x0000000092900000, 0x0000000092900000, 0x0000000092a00000|  0%| F|  |TAMS 0x0000000092900000, 0x0000000092900000| Untracked 
| 298|0x0000000092a00000, 0x0000000092a00000, 0x0000000092b00000|  0%| F|  |TAMS 0x0000000092a00000, 0x0000000092a00000| Untracked 
| 299|0x0000000092b00000, 0x0000000092b00000, 0x0000000092c00000|  0%| F|  |TAMS 0x0000000092b00000, 0x0000000092b00000| Untracked 
| 300|0x0000000092c00000, 0x0000000092c00000, 0x0000000092d00000|  0%| F|  |TAMS 0x0000000092c00000, 0x0000000092c00000| Untracked 
| 301|0x0000000092d00000, 0x0000000092d00000, 0x0000000092e00000|  0%| F|  |TAMS 0x0000000092d00000, 0x0000000092d00000| Untracked 
| 302|0x0000000092e00000, 0x0000000092e00000, 0x0000000092f00000|  0%| F|  |TAMS 0x0000000092e00000, 0x0000000092e00000| Untracked 
| 303|0x0000000092f00000, 0x0000000092f00000, 0x0000000093000000|  0%| F|  |TAMS 0x0000000092f00000, 0x0000000092f00000| Untracked 
| 304|0x0000000093000000, 0x0000000093000000, 0x0000000093100000|  0%| F|  |TAMS 0x0000000093000000, 0x0000000093000000| Untracked 
| 305|0x0000000093100000, 0x0000000093100000, 0x0000000093200000|  0%| F|  |TAMS 0x0000000093100000, 0x0000000093100000| Untracked 
| 306|0x0000000093200000, 0x0000000093200000, 0x0000000093300000|  0%| F|  |TAMS 0x0000000093200000, 0x0000000093200000| Untracked 
| 307|0x0000000093300000, 0x0000000093300000, 0x0000000093400000|  0%| F|  |TAMS 0x0000000093300000, 0x0000000093300000| Untracked 
| 308|0x0000000093400000, 0x0000000093400000, 0x0000000093500000|  0%| F|  |TAMS 0x0000000093400000, 0x0000000093400000| Untracked 
| 309|0x0000000093500000, 0x0000000093500000, 0x0000000093600000|  0%| F|  |TAMS 0x0000000093500000, 0x0000000093500000| Untracked 
| 310|0x0000000093600000, 0x0000000093600000, 0x0000000093700000|  0%| F|  |TAMS 0x0000000093600000, 0x0000000093600000| Untracked 
| 311|0x0000000093700000, 0x0000000093700000, 0x0000000093800000|  0%| F|  |TAMS 0x0000000093700000, 0x0000000093700000| Untracked 
| 312|0x0000000093800000, 0x0000000093800000, 0x0000000093900000|  0%| F|  |TAMS 0x0000000093800000, 0x0000000093800000| Untracked 
| 313|0x0000000093900000, 0x0000000093900000, 0x0000000093a00000|  0%| F|  |TAMS 0x0000000093900000, 0x0000000093900000| Untracked 
| 314|0x0000000093a00000, 0x0000000093a00000, 0x0000000093b00000|  0%| F|  |TAMS 0x0000000093a00000, 0x0000000093a00000| Untracked 
| 315|0x0000000093b00000, 0x0000000093b00000, 0x0000000093c00000|  0%| F|  |TAMS 0x0000000093b00000, 0x0000000093b00000| Untracked 
| 316|0x0000000093c00000, 0x0000000093c00000, 0x0000000093d00000|  0%| F|  |TAMS 0x0000000093c00000, 0x0000000093c00000| Untracked 
| 317|0x0000000093d00000, 0x0000000093d00000, 0x0000000093e00000|  0%| F|  |TAMS 0x0000000093d00000, 0x0000000093d00000| Untracked 
| 318|0x0000000093e00000, 0x0000000093e00000, 0x0000000093f00000|  0%| F|  |TAMS 0x0000000093e00000, 0x0000000093e00000| Untracked 
| 319|0x0000000093f00000, 0x0000000093f00000, 0x0000000094000000|  0%| F|  |TAMS 0x0000000093f00000, 0x0000000093f00000| Untracked 
| 320|0x0000000094000000, 0x0000000094000000, 0x0000000094100000|  0%| F|  |TAMS 0x0000000094000000, 0x0000000094000000| Untracked 
| 321|0x0000000094100000, 0x0000000094100000, 0x0000000094200000|  0%| F|  |TAMS 0x0000000094100000, 0x0000000094100000| Untracked 
| 322|0x0000000094200000, 0x0000000094200000, 0x0000000094300000|  0%| F|  |TAMS 0x0000000094200000, 0x0000000094200000| Untracked 
| 323|0x0000000094300000, 0x0000000094300000, 0x0000000094400000|  0%| F|  |TAMS 0x0000000094300000, 0x0000000094300000| Untracked 
| 324|0x0000000094400000, 0x0000000094400000, 0x0000000094500000|  0%| F|  |TAMS 0x0000000094400000, 0x0000000094400000| Untracked 
| 325|0x0000000094500000, 0x0000000094500000, 0x0000000094600000|  0%| F|  |TAMS 0x0000000094500000, 0x0000000094500000| Untracked 
| 326|0x0000000094600000, 0x0000000094600000, 0x0000000094700000|  0%| F|  |TAMS 0x0000000094600000, 0x0000000094600000| Untracked 
| 327|0x0000000094700000, 0x0000000094700000, 0x0000000094800000|  0%| F|  |TAMS 0x0000000094700000, 0x0000000094700000| Untracked 
| 328|0x0000000094800000, 0x0000000094800000, 0x0000000094900000|  0%| F|  |TAMS 0x0000000094800000, 0x0000000094800000| Untracked 
| 329|0x0000000094900000, 0x0000000094900000, 0x0000000094a00000|  0%| F|  |TAMS 0x0000000094900000, 0x0000000094900000| Untracked 
| 330|0x0000000094a00000, 0x0000000094a00000, 0x0000000094b00000|  0%| F|  |TAMS 0x0000000094a00000, 0x0000000094a00000| Untracked 
| 331|0x0000000094b00000, 0x0000000094b00000, 0x0000000094c00000|  0%| F|  |TAMS 0x0000000094b00000, 0x0000000094b00000| Untracked 
| 332|0x0000000094c00000, 0x0000000094c00000, 0x0000000094d00000|  0%| F|  |TAMS 0x0000000094c00000, 0x0000000094c00000| Untracked 
| 333|0x0000000094d00000, 0x0000000094d00000, 0x0000000094e00000|  0%| F|  |TAMS 0x0000000094d00000, 0x0000000094d00000| Untracked 
| 334|0x0000000094e00000, 0x0000000094e00000, 0x0000000094f00000|  0%| F|  |TAMS 0x0000000094e00000, 0x0000000094e00000| Untracked 
| 335|0x0000000094f00000, 0x0000000094f00000, 0x0000000095000000|  0%| F|  |TAMS 0x0000000094f00000, 0x0000000094f00000| Untracked 
| 336|0x0000000095000000, 0x0000000095000000, 0x0000000095100000|  0%| F|  |TAMS 0x0000000095000000, 0x0000000095000000| Untracked 
| 337|0x0000000095100000, 0x0000000095100000, 0x0000000095200000|  0%| F|  |TAMS 0x0000000095100000, 0x0000000095100000| Untracked 
| 338|0x0000000095200000, 0x0000000095200000, 0x0000000095300000|  0%| F|  |TAMS 0x0000000095200000, 0x0000000095200000| Untracked 
| 339|0x0000000095300000, 0x0000000095300000, 0x0000000095400000|  0%| F|  |TAMS 0x0000000095300000, 0x0000000095300000| Untracked 
| 340|0x0000000095400000, 0x0000000095400000, 0x0000000095500000|  0%| F|  |TAMS 0x0000000095400000, 0x0000000095400000| Untracked 
| 341|0x0000000095500000, 0x0000000095500000, 0x0000000095600000|  0%| F|  |TAMS 0x0000000095500000, 0x0000000095500000| Untracked 
| 342|0x0000000095600000, 0x0000000095600000, 0x0000000095700000|  0%| F|  |TAMS 0x0000000095600000, 0x0000000095600000| Untracked 
| 343|0x0000000095700000, 0x0000000095700000, 0x0000000095800000|  0%| F|  |TAMS 0x0000000095700000, 0x0000000095700000| Untracked 
| 344|0x0000000095800000, 0x0000000095800000, 0x0000000095900000|  0%| F|  |TAMS 0x0000000095800000, 0x0000000095800000| Untracked 
| 345|0x0000000095900000, 0x0000000095900000, 0x0000000095a00000|  0%| F|  |TAMS 0x0000000095900000, 0x0000000095900000| Untracked 
| 346|0x0000000095a00000, 0x0000000095a00000, 0x0000000095b00000|  0%| F|  |TAMS 0x0000000095a00000, 0x0000000095a00000| Untracked 
| 347|0x0000000095b00000, 0x0000000095b00000, 0x0000000095c00000|  0%| F|  |TAMS 0x0000000095b00000, 0x0000000095b00000| Untracked 
| 348|0x0000000095c00000, 0x0000000095c00000, 0x0000000095d00000|  0%| F|  |TAMS 0x0000000095c00000, 0x0000000095c00000| Untracked 
| 349|0x0000000095d00000, 0x0000000095d00000, 0x0000000095e00000|  0%| F|  |TAMS 0x0000000095d00000, 0x0000000095d00000| Untracked 
| 350|0x0000000095e00000, 0x0000000095e00000, 0x0000000095f00000|  0%| F|  |TAMS 0x0000000095e00000, 0x0000000095e00000| Untracked 
| 351|0x0000000095f00000, 0x0000000095f00000, 0x0000000096000000|  0%| F|  |TAMS 0x0000000095f00000, 0x0000000095f00000| Untracked 
| 352|0x0000000096000000, 0x0000000096000000, 0x0000000096100000|  0%| F|  |TAMS 0x0000000096000000, 0x0000000096000000| Untracked 
| 353|0x0000000096100000, 0x0000000096100000, 0x0000000096200000|  0%| F|  |TAMS 0x0000000096100000, 0x0000000096100000| Untracked 
| 354|0x0000000096200000, 0x0000000096200000, 0x0000000096300000|  0%| F|  |TAMS 0x0000000096200000, 0x0000000096200000| Untracked 
| 355|0x0000000096300000, 0x0000000096300000, 0x0000000096400000|  0%| F|  |TAMS 0x0000000096300000, 0x0000000096300000| Untracked 
| 356|0x0000000096400000, 0x0000000096400000, 0x0000000096500000|  0%| F|  |TAMS 0x0000000096400000, 0x0000000096400000| Untracked 
| 357|0x0000000096500000, 0x0000000096500000, 0x0000000096600000|  0%| F|  |TAMS 0x0000000096500000, 0x0000000096500000| Untracked 
| 358|0x0000000096600000, 0x0000000096600000, 0x0000000096700000|  0%| F|  |TAMS 0x0000000096600000, 0x0000000096600000| Untracked 
| 359|0x0000000096700000, 0x0000000096700000, 0x0000000096800000|  0%| F|  |TAMS 0x0000000096700000, 0x0000000096700000| Untracked 
| 360|0x0000000096800000, 0x0000000096800000, 0x0000000096900000|  0%| F|  |TAMS 0x0000000096800000, 0x0000000096800000| Untracked 
| 361|0x0000000096900000, 0x0000000096900000, 0x0000000096a00000|  0%| F|  |TAMS 0x0000000096900000, 0x0000000096900000| Untracked 
| 362|0x0000000096a00000, 0x0000000096a00000, 0x0000000096b00000|  0%| F|  |TAMS 0x0000000096a00000, 0x0000000096a00000| Untracked 
| 363|0x0000000096b00000, 0x0000000096b00000, 0x0000000096c00000|  0%| F|  |TAMS 0x0000000096b00000, 0x0000000096b00000| Untracked 
| 364|0x0000000096c00000, 0x0000000096c00000, 0x0000000096d00000|  0%| F|  |TAMS 0x0000000096c00000, 0x0000000096c00000| Untracked 
| 365|0x0000000096d00000, 0x0000000096d00000, 0x0000000096e00000|  0%| F|  |TAMS 0x0000000096d00000, 0x0000000096d00000| Untracked 
| 366|0x0000000096e00000, 0x0000000096e00000, 0x0000000096f00000|  0%| F|  |TAMS 0x0000000096e00000, 0x0000000096e00000| Untracked 
| 367|0x0000000096f00000, 0x0000000096f00000, 0x0000000097000000|  0%| F|  |TAMS 0x0000000096f00000, 0x0000000096f00000| Untracked 
| 368|0x0000000097000000, 0x0000000097000000, 0x0000000097100000|  0%| F|  |TAMS 0x0000000097000000, 0x0000000097000000| Untracked 
| 369|0x0000000097100000, 0x0000000097100000, 0x0000000097200000|  0%| F|  |TAMS 0x0000000097100000, 0x0000000097100000| Untracked 
| 370|0x0000000097200000, 0x0000000097200000, 0x0000000097300000|  0%| F|  |TAMS 0x0000000097200000, 0x0000000097200000| Untracked 
| 371|0x0000000097300000, 0x0000000097300000, 0x0000000097400000|  0%| F|  |TAMS 0x0000000097300000, 0x0000000097300000| Untracked 
| 372|0x0000000097400000, 0x0000000097400000, 0x0000000097500000|  0%| F|  |TAMS 0x0000000097400000, 0x0000000097400000| Untracked 
| 373|0x0000000097500000, 0x0000000097500000, 0x0000000097600000|  0%| F|  |TAMS 0x0000000097500000, 0x0000000097500000| Untracked 
| 374|0x0000000097600000, 0x0000000097600000, 0x0000000097700000|  0%| F|  |TAMS 0x0000000097600000, 0x0000000097600000| Untracked 
| 375|0x0000000097700000, 0x0000000097700000, 0x0000000097800000|  0%| F|  |TAMS 0x0000000097700000, 0x0000000097700000| Untracked 
| 376|0x0000000097800000, 0x0000000097800000, 0x0000000097900000|  0%| F|  |TAMS 0x0000000097800000, 0x0000000097800000| Untracked 
| 377|0x0000000097900000, 0x0000000097900000, 0x0000000097a00000|  0%| F|  |TAMS 0x0000000097900000, 0x0000000097900000| Untracked 
| 378|0x0000000097a00000, 0x0000000097a00000, 0x0000000097b00000|  0%| F|  |TAMS 0x0000000097a00000, 0x0000000097a00000| Untracked 
| 379|0x0000000097b00000, 0x0000000097b00000, 0x0000000097c00000|  0%| F|  |TAMS 0x0000000097b00000, 0x0000000097b00000| Untracked 
| 380|0x0000000097c00000, 0x0000000097c00000, 0x0000000097d00000|  0%| F|  |TAMS 0x0000000097c00000, 0x0000000097c00000| Untracked 
| 381|0x0000000097d00000, 0x0000000097d00000, 0x0000000097e00000|  0%| F|  |TAMS 0x0000000097d00000, 0x0000000097d00000| Untracked 
| 382|0x0000000097e00000, 0x0000000097e00000, 0x0000000097f00000|  0%| F|  |TAMS 0x0000000097e00000, 0x0000000097e00000| Untracked 
| 383|0x0000000097f00000, 0x0000000097f00000, 0x0000000098000000|  0%| F|  |TAMS 0x0000000097f00000, 0x0000000097f00000| Untracked 
| 384|0x0000000098000000, 0x0000000098000000, 0x0000000098100000|  0%| F|  |TAMS 0x0000000098000000, 0x0000000098000000| Untracked 
| 385|0x0000000098100000, 0x0000000098100000, 0x0000000098200000|  0%| F|  |TAMS 0x0000000098100000, 0x0000000098100000| Untracked 
| 386|0x0000000098200000, 0x0000000098200000, 0x0000000098300000|  0%| F|  |TAMS 0x0000000098200000, 0x0000000098200000| Untracked 
| 387|0x0000000098300000, 0x0000000098300000, 0x0000000098400000|  0%| F|  |TAMS 0x0000000098300000, 0x0000000098300000| Untracked 
| 388|0x0000000098400000, 0x0000000098400000, 0x0000000098500000|  0%| F|  |TAMS 0x0000000098400000, 0x0000000098400000| Untracked 
| 389|0x0000000098500000, 0x0000000098500000, 0x0000000098600000|  0%| F|  |TAMS 0x0000000098500000, 0x0000000098500000| Untracked 
| 390|0x0000000098600000, 0x0000000098600000, 0x0000000098700000|  0%| F|  |TAMS 0x0000000098600000, 0x0000000098600000| Untracked 
| 391|0x0000000098700000, 0x0000000098700000, 0x0000000098800000|  0%| F|  |TAMS 0x0000000098700000, 0x0000000098700000| Untracked 
| 392|0x0000000098800000, 0x0000000098800000, 0x0000000098900000|  0%| F|  |TAMS 0x0000000098800000, 0x0000000098800000| Untracked 
| 393|0x0000000098900000, 0x0000000098900000, 0x0000000098a00000|  0%| F|  |TAMS 0x0000000098900000, 0x0000000098900000| Untracked 
| 394|0x0000000098a00000, 0x0000000098a00000, 0x0000000098b00000|  0%| F|  |TAMS 0x0000000098a00000, 0x0000000098a00000| Untracked 
| 395|0x0000000098b00000, 0x0000000098b00000, 0x0000000098c00000|  0%| F|  |TAMS 0x0000000098b00000, 0x0000000098b00000| Untracked 
| 396|0x0000000098c00000, 0x0000000098c00000, 0x0000000098d00000|  0%| F|  |TAMS 0x0000000098c00000, 0x0000000098c00000| Untracked 
| 397|0x0000000098d00000, 0x0000000098d00000, 0x0000000098e00000|  0%| F|  |TAMS 0x0000000098d00000, 0x0000000098d00000| Untracked 
| 398|0x0000000098e00000, 0x0000000098e00000, 0x0000000098f00000|  0%| F|  |TAMS 0x0000000098e00000, 0x0000000098e00000| Untracked 
| 399|0x0000000098f00000, 0x0000000098f00000, 0x0000000099000000|  0%| F|  |TAMS 0x0000000098f00000, 0x0000000098f00000| Untracked 
| 400|0x0000000099000000, 0x0000000099000000, 0x0000000099100000|  0%| F|  |TAMS 0x0000000099000000, 0x0000000099000000| Untracked 
| 401|0x0000000099100000, 0x0000000099100000, 0x0000000099200000|  0%| F|  |TAMS 0x0000000099100000, 0x0000000099100000| Untracked 
| 402|0x0000000099200000, 0x0000000099200000, 0x0000000099300000|  0%| F|  |TAMS 0x0000000099200000, 0x0000000099200000| Untracked 
| 403|0x0000000099300000, 0x0000000099300000, 0x0000000099400000|  0%| F|  |TAMS 0x0000000099300000, 0x0000000099300000| Untracked 
| 404|0x0000000099400000, 0x0000000099400000, 0x0000000099500000|  0%| F|  |TAMS 0x0000000099400000, 0x0000000099400000| Untracked 
| 405|0x0000000099500000, 0x0000000099500000, 0x0000000099600000|  0%| F|  |TAMS 0x0000000099500000, 0x0000000099500000| Untracked 
| 406|0x0000000099600000, 0x0000000099600000, 0x0000000099700000|  0%| F|  |TAMS 0x0000000099600000, 0x0000000099600000| Untracked 
| 407|0x0000000099700000, 0x0000000099700000, 0x0000000099800000|  0%| F|  |TAMS 0x0000000099700000, 0x0000000099700000| Untracked 
| 408|0x0000000099800000, 0x0000000099800000, 0x0000000099900000|  0%| F|  |TAMS 0x0000000099800000, 0x0000000099800000| Untracked 
| 409|0x0000000099900000, 0x0000000099900000, 0x0000000099a00000|  0%| F|  |TAMS 0x0000000099900000, 0x0000000099900000| Untracked 
| 410|0x0000000099a00000, 0x0000000099a00000, 0x0000000099b00000|  0%| F|  |TAMS 0x0000000099a00000, 0x0000000099a00000| Untracked 
| 411|0x0000000099b00000, 0x0000000099b00000, 0x0000000099c00000|  0%| F|  |TAMS 0x0000000099b00000, 0x0000000099b00000| Untracked 
| 412|0x0000000099c00000, 0x0000000099c00000, 0x0000000099d00000|  0%| F|  |TAMS 0x0000000099c00000, 0x0000000099c00000| Untracked 
| 413|0x0000000099d00000, 0x0000000099d00000, 0x0000000099e00000|  0%| F|  |TAMS 0x0000000099d00000, 0x0000000099d00000| Untracked 
| 414|0x0000000099e00000, 0x0000000099e00000, 0x0000000099f00000|  0%| F|  |TAMS 0x0000000099e00000, 0x0000000099e00000| Untracked 
| 415|0x0000000099f00000, 0x0000000099f00000, 0x000000009a000000|  0%| F|  |TAMS 0x0000000099f00000, 0x0000000099f00000| Untracked 
| 416|0x000000009a000000, 0x000000009a000000, 0x000000009a100000|  0%| F|  |TAMS 0x000000009a000000, 0x000000009a000000| Untracked 
| 417|0x000000009a100000, 0x000000009a100000, 0x000000009a200000|  0%| F|  |TAMS 0x000000009a100000, 0x000000009a100000| Untracked 
| 418|0x000000009a200000, 0x000000009a200000, 0x000000009a300000|  0%| F|  |TAMS 0x000000009a200000, 0x000000009a200000| Untracked 
| 419|0x000000009a300000, 0x000000009a300000, 0x000000009a400000|  0%| F|  |TAMS 0x000000009a300000, 0x000000009a300000| Untracked 
| 420|0x000000009a400000, 0x000000009a400000, 0x000000009a500000|  0%| F|  |TAMS 0x000000009a400000, 0x000000009a400000| Untracked 
| 421|0x000000009a500000, 0x000000009a500000, 0x000000009a600000|  0%| F|  |TAMS 0x000000009a500000, 0x000000009a500000| Untracked 
| 422|0x000000009a600000, 0x000000009a600000, 0x000000009a700000|  0%| F|  |TAMS 0x000000009a600000, 0x000000009a600000| Untracked 
| 423|0x000000009a700000, 0x000000009a700000, 0x000000009a800000|  0%| F|  |TAMS 0x000000009a700000, 0x000000009a700000| Untracked 
| 424|0x000000009a800000, 0x000000009a800000, 0x000000009a900000|  0%| F|  |TAMS 0x000000009a800000, 0x000000009a800000| Untracked 
| 425|0x000000009a900000, 0x000000009a900000, 0x000000009aa00000|  0%| F|  |TAMS 0x000000009a900000, 0x000000009a900000| Untracked 
| 426|0x000000009aa00000, 0x000000009aa00000, 0x000000009ab00000|  0%| F|  |TAMS 0x000000009aa00000, 0x000000009aa00000| Untracked 
| 427|0x000000009ab00000, 0x000000009ab00000, 0x000000009ac00000|  0%| F|  |TAMS 0x000000009ab00000, 0x000000009ab00000| Untracked 
| 428|0x000000009ac00000, 0x000000009ac00000, 0x000000009ad00000|  0%| F|  |TAMS 0x000000009ac00000, 0x000000009ac00000| Untracked 
| 429|0x000000009ad00000, 0x000000009ad00000, 0x000000009ae00000|  0%| F|  |TAMS 0x000000009ad00000, 0x000000009ad00000| Untracked 
| 430|0x000000009ae00000, 0x000000009ae00000, 0x000000009af00000|  0%| F|  |TAMS 0x000000009ae00000, 0x000000009ae00000| Untracked 
| 431|0x000000009af00000, 0x000000009af00000, 0x000000009b000000|  0%| F|  |TAMS 0x000000009af00000, 0x000000009af00000| Untracked 
| 432|0x000000009b000000, 0x000000009b000000, 0x000000009b100000|  0%| F|  |TAMS 0x000000009b000000, 0x000000009b000000| Untracked 
| 433|0x000000009b100000, 0x000000009b100000, 0x000000009b200000|  0%| F|  |TAMS 0x000000009b100000, 0x000000009b100000| Untracked 
| 434|0x000000009b200000, 0x000000009b200000, 0x000000009b300000|  0%| F|  |TAMS 0x000000009b200000, 0x000000009b200000| Untracked 
| 435|0x000000009b300000, 0x000000009b300000, 0x000000009b400000|  0%| F|  |TAMS 0x000000009b300000, 0x000000009b300000| Untracked 
| 436|0x000000009b400000, 0x000000009b400000, 0x000000009b500000|  0%| F|  |TAMS 0x000000009b400000, 0x000000009b400000| Untracked 
| 437|0x000000009b500000, 0x000000009b500000, 0x000000009b600000|  0%| F|  |TAMS 0x000000009b500000, 0x000000009b500000| Untracked 
| 438|0x000000009b600000, 0x000000009b600000, 0x000000009b700000|  0%| F|  |TAMS 0x000000009b600000, 0x000000009b600000| Untracked 
| 439|0x000000009b700000, 0x000000009b700000, 0x000000009b800000|  0%| F|  |TAMS 0x000000009b700000, 0x000000009b700000| Untracked 
| 440|0x000000009b800000, 0x000000009b800000, 0x000000009b900000|  0%| F|  |TAMS 0x000000009b800000, 0x000000009b800000| Untracked 
| 441|0x000000009b900000, 0x000000009b900000, 0x000000009ba00000|  0%| F|  |TAMS 0x000000009b900000, 0x000000009b900000| Untracked 
| 442|0x000000009ba00000, 0x000000009ba00000, 0x000000009bb00000|  0%| F|  |TAMS 0x000000009ba00000, 0x000000009ba00000| Untracked 
| 443|0x000000009bb00000, 0x000000009bb00000, 0x000000009bc00000|  0%| F|  |TAMS 0x000000009bb00000, 0x000000009bb00000| Untracked 
| 444|0x000000009bc00000, 0x000000009bc00000, 0x000000009bd00000|  0%| F|  |TAMS 0x000000009bc00000, 0x000000009bc00000| Untracked 
| 445|0x000000009bd00000, 0x000000009bd00000, 0x000000009be00000|  0%| F|  |TAMS 0x000000009bd00000, 0x000000009bd00000| Untracked 
| 446|0x000000009be00000, 0x000000009be00000, 0x000000009bf00000|  0%| F|  |TAMS 0x000000009be00000, 0x000000009be00000| Untracked 
| 447|0x000000009bf00000, 0x000000009bf00000, 0x000000009c000000|  0%| F|  |TAMS 0x000000009bf00000, 0x000000009bf00000| Untracked 
| 448|0x000000009c000000, 0x000000009c000000, 0x000000009c100000|  0%| F|  |TAMS 0x000000009c000000, 0x000000009c000000| Untracked 
| 449|0x000000009c100000, 0x000000009c100000, 0x000000009c200000|  0%| F|  |TAMS 0x000000009c100000, 0x000000009c100000| Untracked 
| 450|0x000000009c200000, 0x000000009c200000, 0x000000009c300000|  0%| F|  |TAMS 0x000000009c200000, 0x000000009c200000| Untracked 
| 451|0x000000009c300000, 0x000000009c300000, 0x000000009c400000|  0%| F|  |TAMS 0x000000009c300000, 0x000000009c300000| Untracked 
| 452|0x000000009c400000, 0x000000009c400000, 0x000000009c500000|  0%| F|  |TAMS 0x000000009c400000, 0x000000009c400000| Untracked 
| 453|0x000000009c500000, 0x000000009c500000, 0x000000009c600000|  0%| F|  |TAMS 0x000000009c500000, 0x000000009c500000| Untracked 
| 454|0x000000009c600000, 0x000000009c600000, 0x000000009c700000|  0%| F|  |TAMS 0x000000009c600000, 0x000000009c600000| Untracked 
| 455|0x000000009c700000, 0x000000009c700000, 0x000000009c800000|  0%| F|  |TAMS 0x000000009c700000, 0x000000009c700000| Untracked 
| 456|0x000000009c800000, 0x000000009c800000, 0x000000009c900000|  0%| F|  |TAMS 0x000000009c800000, 0x000000009c800000| Untracked 
| 457|0x000000009c900000, 0x000000009c900000, 0x000000009ca00000|  0%| F|  |TAMS 0x000000009c900000, 0x000000009c900000| Untracked 
| 458|0x000000009ca00000, 0x000000009ca00000, 0x000000009cb00000|  0%| F|  |TAMS 0x000000009ca00000, 0x000000009ca00000| Untracked 
| 459|0x000000009cb00000, 0x000000009cb00000, 0x000000009cc00000|  0%| F|  |TAMS 0x000000009cb00000, 0x000000009cb00000| Untracked 
| 460|0x000000009cc00000, 0x000000009cc00000, 0x000000009cd00000|  0%| F|  |TAMS 0x000000009cc00000, 0x000000009cc00000| Untracked 
| 461|0x000000009cd00000, 0x000000009cd00000, 0x000000009ce00000|  0%| F|  |TAMS 0x000000009cd00000, 0x000000009cd00000| Untracked 
| 462|0x000000009ce00000, 0x000000009ce00000, 0x000000009cf00000|  0%| F|  |TAMS 0x000000009ce00000, 0x000000009ce00000| Untracked 
| 463|0x000000009cf00000, 0x000000009cf00000, 0x000000009d000000|  0%| F|  |TAMS 0x000000009cf00000, 0x000000009cf00000| Untracked 
| 464|0x000000009d000000, 0x000000009d000000, 0x000000009d100000|  0%| F|  |TAMS 0x000000009d000000, 0x000000009d000000| Untracked 
| 465|0x000000009d100000, 0x000000009d100000, 0x000000009d200000|  0%| F|  |TAMS 0x000000009d100000, 0x000000009d100000| Untracked 
| 466|0x000000009d200000, 0x000000009d200000, 0x000000009d300000|  0%| F|  |TAMS 0x000000009d200000, 0x000000009d200000| Untracked 
| 467|0x000000009d300000, 0x000000009d300000, 0x000000009d400000|  0%| F|  |TAMS 0x000000009d300000, 0x000000009d300000| Untracked 
| 468|0x000000009d400000, 0x000000009d400000, 0x000000009d500000|  0%| F|  |TAMS 0x000000009d400000, 0x000000009d400000| Untracked 
| 469|0x000000009d500000, 0x000000009d500000, 0x000000009d600000|  0%| F|  |TAMS 0x000000009d500000, 0x000000009d500000| Untracked 
| 470|0x000000009d600000, 0x000000009d600000, 0x000000009d700000|  0%| F|  |TAMS 0x000000009d600000, 0x000000009d600000| Untracked 
| 471|0x000000009d700000, 0x000000009d700000, 0x000000009d800000|  0%| F|  |TAMS 0x000000009d700000, 0x000000009d700000| Untracked 
| 472|0x000000009d800000, 0x000000009d800000, 0x000000009d900000|  0%| F|  |TAMS 0x000000009d800000, 0x000000009d800000| Untracked 
| 473|0x000000009d900000, 0x000000009d900000, 0x000000009da00000|  0%| F|  |TAMS 0x000000009d900000, 0x000000009d900000| Untracked 
| 474|0x000000009da00000, 0x000000009da00000, 0x000000009db00000|  0%| F|  |TAMS 0x000000009da00000, 0x000000009da00000| Untracked 
| 475|0x000000009db00000, 0x000000009db00000, 0x000000009dc00000|  0%| F|  |TAMS 0x000000009db00000, 0x000000009db00000| Untracked 
| 476|0x000000009dc00000, 0x000000009dc00000, 0x000000009dd00000|  0%| F|  |TAMS 0x000000009dc00000, 0x000000009dc00000| Untracked 
| 477|0x000000009dd00000, 0x000000009dd00000, 0x000000009de00000|  0%| F|  |TAMS 0x000000009dd00000, 0x000000009dd00000| Untracked 
| 478|0x000000009de00000, 0x000000009de00000, 0x000000009df00000|  0%| F|  |TAMS 0x000000009de00000, 0x000000009de00000| Untracked 
| 479|0x000000009df00000, 0x000000009df00000, 0x000000009e000000|  0%| F|  |TAMS 0x000000009df00000, 0x000000009df00000| Untracked 
| 480|0x000000009e000000, 0x000000009e000000, 0x000000009e100000|  0%| F|  |TAMS 0x000000009e000000, 0x000000009e000000| Untracked 
| 481|0x000000009e100000, 0x000000009e100000, 0x000000009e200000|  0%| F|  |TAMS 0x000000009e100000, 0x000000009e100000| Untracked 
| 482|0x000000009e200000, 0x000000009e200000, 0x000000009e300000|  0%| F|  |TAMS 0x000000009e200000, 0x000000009e200000| Untracked 
| 483|0x000000009e300000, 0x000000009e300000, 0x000000009e400000|  0%| F|  |TAMS 0x000000009e300000, 0x000000009e300000| Untracked 
| 484|0x000000009e400000, 0x000000009e400000, 0x000000009e500000|  0%| F|  |TAMS 0x000000009e400000, 0x000000009e400000| Untracked 
| 485|0x000000009e500000, 0x000000009e500000, 0x000000009e600000|  0%| F|  |TAMS 0x000000009e500000, 0x000000009e500000| Untracked 
| 486|0x000000009e600000, 0x000000009e600000, 0x000000009e700000|  0%| F|  |TAMS 0x000000009e600000, 0x000000009e600000| Untracked 
| 487|0x000000009e700000, 0x000000009e700000, 0x000000009e800000|  0%| F|  |TAMS 0x000000009e700000, 0x000000009e700000| Untracked 
| 488|0x000000009e800000, 0x000000009e800000, 0x000000009e900000|  0%| F|  |TAMS 0x000000009e800000, 0x000000009e800000| Untracked 
| 489|0x000000009e900000, 0x000000009e900000, 0x000000009ea00000|  0%| F|  |TAMS 0x000000009e900000, 0x000000009e900000| Untracked 
| 490|0x000000009ea00000, 0x000000009ea00000, 0x000000009eb00000|  0%| F|  |TAMS 0x000000009ea00000, 0x000000009ea00000| Untracked 
| 491|0x000000009eb00000, 0x000000009eb00000, 0x000000009ec00000|  0%| F|  |TAMS 0x000000009eb00000, 0x000000009eb00000| Untracked 
| 492|0x000000009ec00000, 0x000000009ec00000, 0x000000009ed00000|  0%| F|  |TAMS 0x000000009ec00000, 0x000000009ec00000| Untracked 
| 493|0x000000009ed00000, 0x000000009ed00000, 0x000000009ee00000|  0%| F|  |TAMS 0x000000009ed00000, 0x000000009ed00000| Untracked 
| 494|0x000000009ee00000, 0x000000009ee00000, 0x000000009ef00000|  0%| F|  |TAMS 0x000000009ee00000, 0x000000009ee00000| Untracked 
| 495|0x000000009ef00000, 0x000000009ef00000, 0x000000009f000000|  0%| F|  |TAMS 0x000000009ef00000, 0x000000009ef00000| Untracked 
| 496|0x000000009f000000, 0x000000009f000000, 0x000000009f100000|  0%| F|  |TAMS 0x000000009f000000, 0x000000009f000000| Untracked 
| 497|0x000000009f100000, 0x000000009f100000, 0x000000009f200000|  0%| F|  |TAMS 0x000000009f100000, 0x000000009f100000| Untracked 
| 498|0x000000009f200000, 0x000000009f200000, 0x000000009f300000|  0%| F|  |TAMS 0x000000009f200000, 0x000000009f200000| Untracked 
| 499|0x000000009f300000, 0x000000009f300000, 0x000000009f400000|  0%| F|  |TAMS 0x000000009f300000, 0x000000009f300000| Untracked 
| 500|0x000000009f400000, 0x000000009f400000, 0x000000009f500000|  0%| F|  |TAMS 0x000000009f400000, 0x000000009f400000| Untracked 
| 501|0x000000009f500000, 0x000000009f500000, 0x000000009f600000|  0%| F|  |TAMS 0x000000009f500000, 0x000000009f500000| Untracked 
| 502|0x000000009f600000, 0x000000009f600000, 0x000000009f700000|  0%| F|  |TAMS 0x000000009f600000, 0x000000009f600000| Untracked 
| 503|0x000000009f700000, 0x000000009f700000, 0x000000009f800000|  0%| F|  |TAMS 0x000000009f700000, 0x000000009f700000| Untracked 
| 504|0x000000009f800000, 0x000000009f800000, 0x000000009f900000|  0%| F|  |TAMS 0x000000009f800000, 0x000000009f800000| Untracked 
| 505|0x000000009f900000, 0x000000009f900000, 0x000000009fa00000|  0%| F|  |TAMS 0x000000009f900000, 0x000000009f900000| Untracked 
| 506|0x000000009fa00000, 0x000000009fa00000, 0x000000009fb00000|  0%| F|  |TAMS 0x000000009fa00000, 0x000000009fa00000| Untracked 
| 507|0x000000009fb00000, 0x000000009fb00000, 0x000000009fc00000|  0%| F|  |TAMS 0x000000009fb00000, 0x000000009fb00000| Untracked 
| 508|0x000000009fc00000, 0x000000009fc00000, 0x000000009fd00000|  0%| F|  |TAMS 0x000000009fc00000, 0x000000009fc00000| Untracked 
| 509|0x000000009fd00000, 0x000000009fd00000, 0x000000009fe00000|  0%| F|  |TAMS 0x000000009fd00000, 0x000000009fd00000| Untracked 
| 510|0x000000009fe00000, 0x000000009fe00000, 0x000000009ff00000|  0%| F|  |TAMS 0x000000009fe00000, 0x000000009fe00000| Untracked 
| 511|0x000000009ff00000, 0x000000009ff00000, 0x00000000a0000000|  0%| F|  |TAMS 0x000000009ff00000, 0x000000009ff00000| Untracked 
| 512|0x00000000a0000000, 0x00000000a0000000, 0x00000000a0100000|  0%| F|  |TAMS 0x00000000a0000000, 0x00000000a0000000| Untracked 
| 513|0x00000000a0100000, 0x00000000a0100000, 0x00000000a0200000|  0%| F|  |TAMS 0x00000000a0100000, 0x00000000a0100000| Untracked 
| 514|0x00000000a0200000, 0x00000000a0200000, 0x00000000a0300000|  0%| F|  |TAMS 0x00000000a0200000, 0x00000000a0200000| Untracked 
| 515|0x00000000a0300000, 0x00000000a0300000, 0x00000000a0400000|  0%| F|  |TAMS 0x00000000a0300000, 0x00000000a0300000| Untracked 
| 516|0x00000000a0400000, 0x00000000a0400000, 0x00000000a0500000|  0%| F|  |TAMS 0x00000000a0400000, 0x00000000a0400000| Untracked 
| 517|0x00000000a0500000, 0x00000000a0500000, 0x00000000a0600000|  0%| F|  |TAMS 0x00000000a0500000, 0x00000000a0500000| Untracked 
| 518|0x00000000a0600000, 0x00000000a0600000, 0x00000000a0700000|  0%| F|  |TAMS 0x00000000a0600000, 0x00000000a0600000| Untracked 
| 519|0x00000000a0700000, 0x00000000a0700000, 0x00000000a0800000|  0%| F|  |TAMS 0x00000000a0700000, 0x00000000a0700000| Untracked 
| 520|0x00000000a0800000, 0x00000000a0800000, 0x00000000a0900000|  0%| F|  |TAMS 0x00000000a0800000, 0x00000000a0800000| Untracked 
| 521|0x00000000a0900000, 0x00000000a0900000, 0x00000000a0a00000|  0%| F|  |TAMS 0x00000000a0900000, 0x00000000a0900000| Untracked 
| 522|0x00000000a0a00000, 0x00000000a0a00000, 0x00000000a0b00000|  0%| F|  |TAMS 0x00000000a0a00000, 0x00000000a0a00000| Untracked 
| 523|0x00000000a0b00000, 0x00000000a0b00000, 0x00000000a0c00000|  0%| F|  |TAMS 0x00000000a0b00000, 0x00000000a0b00000| Untracked 
| 524|0x00000000a0c00000, 0x00000000a0c00000, 0x00000000a0d00000|  0%| F|  |TAMS 0x00000000a0c00000, 0x00000000a0c00000| Untracked 
| 525|0x00000000a0d00000, 0x00000000a0d00000, 0x00000000a0e00000|  0%| F|  |TAMS 0x00000000a0d00000, 0x00000000a0d00000| Untracked 
| 526|0x00000000a0e00000, 0x00000000a0e00000, 0x00000000a0f00000|  0%| F|  |TAMS 0x00000000a0e00000, 0x00000000a0e00000| Untracked 
| 527|0x00000000a0f00000, 0x00000000a0f00000, 0x00000000a1000000|  0%| F|  |TAMS 0x00000000a0f00000, 0x00000000a0f00000| Untracked 
| 528|0x00000000a1000000, 0x00000000a1000000, 0x00000000a1100000|  0%| F|  |TAMS 0x00000000a1000000, 0x00000000a1000000| Untracked 
| 529|0x00000000a1100000, 0x00000000a1100000, 0x00000000a1200000|  0%| F|  |TAMS 0x00000000a1100000, 0x00000000a1100000| Untracked 
| 530|0x00000000a1200000, 0x00000000a1200000, 0x00000000a1300000|  0%| F|  |TAMS 0x00000000a1200000, 0x00000000a1200000| Untracked 

Card table byte_map: [0x00000215e2c00000,0x00000215e3000000] _byte_map_base: 0x00000215e2800000

Marking Bits (Prev, Next): (CMBitMap*) 0x00000215ca12f230, (CMBitMap*) 0x00000215ca12f1f0
 Prev Bits: [0x00000215e5400000, 0x00000215e7400000)
 Next Bits: [0x00000215e3400000, 0x00000215e5400000)

Polling page: 0x00000215c9f60000

Metaspace:

Usage:
  Non-class:    144.27 MB used.
      Class:     22.20 MB used.
       Both:    166.46 MB used.

Virtual space:
  Non-class space:      192.00 MB reserved,     145.12 MB ( 76%) committed,  3 nodes.
      Class space:      416.00 MB reserved,      23.19 MB (  6%) committed,  1 nodes.
             Both:      608.00 MB reserved,     168.31 MB ( 28%) committed. 

Chunk freelists:
   Non-Class:  14.19 MB
       Class:  8.81 MB
        Both:  23.00 MB

MaxMetaspaceSize: 512.00 MB
CompressedClassSpaceSize: 416.00 MB
Initial GC threshold: 21.00 MB
Current GC threshold: 280.44 MB
CDS: on
MetaspaceReclaimPolicy: balanced
 - commit_granule_bytes: 65536.
 - commit_granule_words: 8192.
 - virtual_space_node_default_size: 8388608.
 - enlarge_chunks_in_place: 1.
 - new_chunks_are_fully_committed: 0.
 - uncommit_free_chunks: 1.
 - use_allocation_guard: 0.
 - handle_deallocations: 1.


Internal statistics:

num_allocs_failed_limit: 12.
num_arena_births: 3200.
num_arena_deaths: 218.
num_vsnodes_births: 4.
num_vsnodes_deaths: 0.
num_space_committed: 2694.
num_space_uncommitted: 2.
num_chunks_returned_to_freelist: 293.
num_chunks_taken_from_freelist: 11248.
num_chunk_merges: 102.
num_chunk_splits: 7022.
num_chunks_enlarged: 4229.
num_inconsistent_stats: 0.

CodeHeap 'non-profiled nmethods': size=120064Kb used=16422Kb max_used=16422Kb free=103641Kb
 bounds [0x00000215daec0000, 0x00000215dbed0000, 0x00000215e2400000]
CodeHeap 'profiled nmethods': size=120000Kb used=51308Kb max_used=51308Kb free=68691Kb
 bounds [0x00000215d3400000, 0x00000215d6690000, 0x00000215da930000]
CodeHeap 'non-nmethods': size=5696Kb used=2560Kb max_used=2622Kb free=3135Kb
 bounds [0x00000215da930000, 0x00000215dabd0000, 0x00000215daec0000]
 total_blobs=25044 nmethods=23911 adapters=1044
 compilation: enabled
              stopped_count=0, restarted_count=0
 full_count=0

Compilation events (20 events):
Event: 3042.515 Thread 0x00000215e97a8370 29363   !   2       org.gradle.initialization.DefaultBuildCancellationToken::addCallback (54 bytes)
Event: 3042.516 Thread 0x00000215e97a8370 nmethod 29363 0x00000215d65a2a90 code [0x00000215d65a2c40, 0x00000215d65a2eb8]
Event: 3042.612 Thread 0x00000215e97a8370 29367       3       org.objectweb.asm.tree.MethodNode::visitFrame (47 bytes)
Event: 3042.613 Thread 0x00000215e97a8370 nmethod 29367 0x00000215d531aa90 code [0x00000215d531ac60, 0x00000215d531aff8]
Event: 3042.613 Thread 0x00000215e97a8370 29368       3       org.objectweb.asm.tree.Util::asArrayList (34 bytes)
Event: 3042.613 Thread 0x00000215e97a8370 nmethod 29368 0x00000215d61dc090 code [0x00000215d61dc280, 0x00000215d61dc938]
Event: 3042.624 Thread 0x00000215e97a59a0 nmethod 29333 0x00000215dbeb2f90 code [0x00000215dbeb3600, 0x00000215dbeb97f0]
Event: 3042.624 Thread 0x00000215e97a59a0 29361       4       org.gradle.internal.classpath.generated.InterceptorDeclaration_ConfigCacheJvmBytecode::visitMethodInsn (4679 bytes)
Event: 3042.711 Thread 0x00000215e97a59a0 nmethod 29361 0x00000215dbebc990 code [0x00000215dbebd5a0, 0x00000215dbec2a40]
Event: 3042.711 Thread 0x00000215e97a59a0 29365       4       org.objectweb.asm.ClassReader::readElementValues (88 bytes)
Event: 3042.716 Thread 0x00000215e97a59a0 nmethod 29365 0x00000215dbec7110 code [0x00000215dbec72e0, 0x00000215dbec7668]
Event: 3042.716 Thread 0x00000215e97a59a0 29342       4       org.objectweb.asm.ClassVisitor::<init> (79 bytes)
Event: 3042.717 Thread 0x00000215e97a59a0 nmethod 29342 0x00000215dbec7b10 code [0x00000215dbec7c80, 0x00000215dbec7df8]
Event: 3042.717 Thread 0x00000215e97a59a0 29338       4       org.objectweb.asm.ByteVector::enlarge (73 bytes)
Event: 3042.720 Thread 0x00000215e97a59a0 nmethod 29338 0x00000215dbec7e90 code [0x00000215dbec8020, 0x00000215dbec8378]
Event: 3042.720 Thread 0x00000215e97a59a0 29337       4       java.nio.charset.CharsetEncoder::flush (49 bytes)
Event: 3042.720 Thread 0x00000215e97a59a0 nmethod 29337 0x00000215dbec8490 code [0x00000215dbec8600, 0x00000215dbec86d8]
Event: 3042.720 Thread 0x00000215e97a59a0 29343   !   4       java.nio.charset.CharsetEncoder::canEncode (133 bytes)
Event: 3042.730 Thread 0x00000215e97a59a0 nmethod 29343 0x00000215dbec8790 code [0x00000215dbec89a0, 0x00000215dbec9320]
Event: 3042.730 Thread 0x00000215e97a59a0 29345       4       java.nio.charset.CharsetEncoder::canEncode (34 bytes)

GC Heap History (20 events):
Event: 3027.395 GC heap after
{Heap after GC invocations=99 (full 0):
 garbage-first heap   total 543744K, used 207400K [0x0000000080000000, 0x0000000100000000)
  region size 1024K, 15 young (15360K), 15 survivors (15360K)
 Metaspace       used 169575K, committed 171520K, reserved 622592K
  class space    used 22720K, committed 23680K, reserved 425984K
}
Event: 3029.953 GC heap before
{Heap before GC invocations=99 (full 0):
 garbage-first heap   total 543744K, used 331304K [0x0000000080000000, 0x0000000100000000)
  region size 1024K, 137 young (140288K), 15 survivors (15360K)
 Metaspace       used 170347K, committed 172288K, reserved 622592K
  class space    used 22773K, committed 23744K, reserved 425984K
}
Event: 3029.999 GC heap after
{Heap after GC invocations=100 (full 0):
 garbage-first heap   total 543744K, used 219282K [0x0000000080000000, 0x0000000100000000)
  region size 1024K, 26 young (26624K), 26 survivors (26624K)
 Metaspace       used 170347K, committed 172288K, reserved 622592K
  class space    used 22773K, committed 23744K, reserved 425984K
}
Event: 3032.088 GC heap before
{Heap before GC invocations=101 (full 0):
 garbage-first heap   total 543744K, used 444562K [0x0000000080000000, 0x0000000100000000)
  region size 1024K, 245 young (250880K), 26 survivors (26624K)
 Metaspace       used 169920K, committed 172288K, reserved 622592K
  class space    used 22708K, committed 23744K, reserved 425984K
}
Event: 3032.225 GC heap after
{Heap after GC invocations=102 (full 0):
 garbage-first heap   total 543744K, used 226870K [0x0000000080000000, 0x0000000100000000)
  region size 1024K, 19 young (19456K), 19 survivors (19456K)
 Metaspace       used 169920K, committed 172288K, reserved 622592K
  class space    used 22708K, committed 23744K, reserved 425984K
}
Event: 3032.248 GC heap before
{Heap before GC invocations=102 (full 0):
 garbage-first heap   total 543744K, used 233014K [0x0000000080000000, 0x0000000100000000)
  region size 1024K, 26 young (26624K), 19 survivors (19456K)
 Metaspace       used 169920K, committed 172288K, reserved 622592K
  class space    used 22708K, committed 23744K, reserved 425984K
}
Event: 3032.314 GC heap after
{Heap after GC invocations=103 (full 0):
 garbage-first heap   total 543744K, used 220160K [0x0000000080000000, 0x0000000100000000)
  region size 1024K, 1 young (1024K), 1 survivors (1024K)
 Metaspace       used 169920K, committed 172288K, reserved 622592K
  class space    used 22708K, committed 23744K, reserved 425984K
}
Event: 3033.500 GC heap before
{Heap before GC invocations=103 (full 0):
 garbage-first heap   total 543744K, used 417792K [0x0000000080000000, 0x0000000100000000)
  region size 1024K, 195 young (199680K), 1 survivors (1024K)
 Metaspace       used 169946K, committed 172288K, reserved 622592K
  class space    used 22709K, committed 23744K, reserved 425984K
}
Event: 3033.516 GC heap after
{Heap after GC invocations=104 (full 0):
 garbage-first heap   total 543744K, used 225263K [0x0000000080000000, 0x0000000100000000)
  region size 1024K, 7 young (7168K), 7 survivors (7168K)
 Metaspace       used 169946K, committed 172288K, reserved 622592K
  class space    used 22709K, committed 23744K, reserved 425984K
}
Event: 3036.498 GC heap before
{Heap before GC invocations=105 (full 0):
 garbage-first heap   total 543744K, used 451567K [0x0000000080000000, 0x0000000100000000)
  region size 1024K, 231 young (236544K), 7 survivors (7168K)
 Metaspace       used 170376K, committed 172288K, reserved 622592K
  class space    used 22726K, committed 23744K, reserved 425984K
}
Event: 3036.547 GC heap after
{Heap after GC invocations=106 (full 0):
 garbage-first heap   total 543744K, used 240640K [0x0000000080000000, 0x0000000100000000)
  region size 1024K, 26 young (26624K), 26 survivors (26624K)
 Metaspace       used 170376K, committed 172288K, reserved 622592K
  class space    used 22726K, committed 23744K, reserved 425984K
}
Event: 3036.560 GC heap before
{Heap before GC invocations=106 (full 0):
 garbage-first heap   total 543744K, used 241664K [0x0000000080000000, 0x0000000100000000)
  region size 1024K, 27 young (27648K), 26 survivors (26624K)
 Metaspace       used 170376K, committed 172288K, reserved 622592K
  class space    used 22726K, committed 23744K, reserved 425984K
}
Event: 3036.622 GC heap after
{Heap after GC invocations=107 (full 0):
 garbage-first heap   total 543744K, used 222801K [0x0000000080000000, 0x0000000100000000)
  region size 1024K, 1 young (1024K), 1 survivors (1024K)
 Metaspace       used 170376K, committed 172288K, reserved 622592K
  class space    used 22726K, committed 23744K, reserved 425984K
}
Event: 3038.195 GC heap before
{Heap before GC invocations=107 (full 0):
 garbage-first heap   total 543744K, used 443985K [0x0000000080000000, 0x0000000100000000)
  region size 1024K, 217 young (222208K), 1 survivors (1024K)
 Metaspace       used 170409K, committed 172352K, reserved 622592K
  class space    used 22726K, committed 23744K, reserved 425984K
}
Event: 3038.200 GC heap after
{Heap after GC invocations=108 (full 0):
 garbage-first heap   total 543744K, used 223825K [0x0000000080000000, 0x0000000100000000)
  region size 1024K, 2 young (2048K), 2 survivors (2048K)
 Metaspace       used 170409K, committed 172352K, reserved 622592K
  class space    used 22726K, committed 23744K, reserved 425984K
}
Event: 3040.847 GC heap before
{Heap before GC invocations=109 (full 0):
 garbage-first heap   total 543744K, used 451153K [0x0000000080000000, 0x0000000100000000)
  region size 1024K, 224 young (229376K), 2 survivors (2048K)
 Metaspace       used 170425K, committed 172352K, reserved 622592K
  class space    used 22727K, committed 23744K, reserved 425984K
}
Event: 3040.855 GC heap after
{Heap after GC invocations=110 (full 0):
 garbage-first heap   total 543744K, used 222050K [0x0000000080000000, 0x0000000100000000)
  region size 1024K, 2 young (2048K), 2 survivors (2048K)
 Metaspace       used 170425K, committed 172352K, reserved 622592K
  class space    used 22727K, committed 23744K, reserved 425984K
}
Event: 3041.115 GC heap before
{Heap before GC invocations=110 (full 0):
 garbage-first heap   total 543744K, used 246626K [0x0000000080000000, 0x0000000100000000)
  region size 1024K, 27 young (27648K), 2 survivors (2048K)
 Metaspace       used 170425K, committed 172352K, reserved 622592K
  class space    used 22727K, committed 23744K, reserved 425984K
}
Event: 3041.148 GC heap after
{Heap after GC invocations=111 (full 0):
 garbage-first heap   total 543744K, used 218000K [0x0000000080000000, 0x0000000100000000)
  region size 1024K, 2 young (2048K), 2 survivors (2048K)
 Metaspace       used 170425K, committed 172352K, reserved 622592K
  class space    used 22727K, committed 23744K, reserved 425984K
}
Event: 3042.743 GC heap before
{Heap before GC invocations=111 (full 0):
 garbage-first heap   total 543744K, used 458640K [0x0000000080000000, 0x0000000100000000)
  region size 1024K, 236 young (241664K), 2 survivors (2048K)
 Metaspace       used 170456K, committed 172352K, reserved 622592K
  class space    used 22728K, committed 23744K, reserved 425984K
}

Dll operation events (16 events):
Event: 0.008 Loaded shared library C:\Program Files\Microsoft\jdk-17.0.10.7-hotspot\bin\java.dll
Event: 0.070 Loaded shared library C:\Program Files\Microsoft\jdk-17.0.10.7-hotspot\bin\jsvml.dll
Event: 0.198 Loaded shared library C:\Program Files\Microsoft\jdk-17.0.10.7-hotspot\bin\zip.dll
Event: 0.202 Loaded shared library C:\Program Files\Microsoft\jdk-17.0.10.7-hotspot\bin\instrument.dll
Event: 0.205 Loaded shared library C:\Program Files\Microsoft\jdk-17.0.10.7-hotspot\bin\net.dll
Event: 0.206 Loaded shared library C:\Program Files\Microsoft\jdk-17.0.10.7-hotspot\bin\nio.dll
Event: 0.209 Loaded shared library C:\Program Files\Microsoft\jdk-17.0.10.7-hotspot\bin\zip.dll
Event: 1.647 Loaded shared library C:\Program Files\Microsoft\jdk-17.0.10.7-hotspot\bin\jimage.dll
Event: 2.278 Loaded shared library C:\Program Files\Microsoft\jdk-17.0.10.7-hotspot\bin\verify.dll
Event: 2.512 Loaded shared library C:\Users\Chanchal\.gradle\native\1def1411415f61bf3af743bc5b6707747c0891f09f0c88961ee8f79bc544acac\windows-amd64\native-platform.dll
Event: 2.767 Loaded shared library C:\Users\Chanchal\.gradle\native\0.2.7\x86_64-windows-gnu\gradle-fileevents.dll
Event: 5.833 Loaded shared library C:\Program Files\Microsoft\jdk-17.0.10.7-hotspot\bin\management.dll
Event: 5.835 Loaded shared library C:\Program Files\Microsoft\jdk-17.0.10.7-hotspot\bin\management_ext.dll
Event: 6.315 Loaded shared library C:\Program Files\Microsoft\jdk-17.0.10.7-hotspot\bin\extnet.dll
Event: 6.737 Loaded shared library C:\Program Files\Microsoft\jdk-17.0.10.7-hotspot\bin\sunmscapi.dll
Event: 1682.686 Loaded shared library C:\Program Files\Microsoft\jdk-17.0.10.7-hotspot\bin\rmi.dll

Deoptimization events (20 events):
Event: 3040.205 Thread 0x00000215f08844d0 DEOPT PACKING pc=0x00000215d662ac0f sp=0x0000001a198fad20
Event: 3040.205 Thread 0x00000215f08844d0 DEOPT UNPACKING pc=0x00000215da987124 sp=0x0000001a198fa430 mode 0
Event: 3040.578 Thread 0x00000215f82f2a80 DEOPT PACKING pc=0x00000215d3cf1fc3 sp=0x0000001a166f7670
Event: 3040.590 Thread 0x00000215f82f2a80 DEOPT UNPACKING pc=0x00000215da987124 sp=0x0000001a166f6b08 mode 0
Event: 3040.724 Thread 0x00000215f82f2a80 Uncommon trap: trap_request=0xffffff45 fr.pc=0x00000215dbe3da78 relative=0x0000000000002458
Event: 3040.724 Thread 0x00000215f82f2a80 Uncommon trap: reason=unstable_if action=reinterpret pc=0x00000215dbe3da78 method=org.objectweb.asm.MethodWriter.visitFrame(II[Ljava/lang/Object;I[Ljava/lang/Object;)V @ 744 c2
Event: 3040.724 Thread 0x00000215f82f2a80 DEOPT PACKING pc=0x00000215dbe3da78 sp=0x0000001a166f5070
Event: 3040.724 Thread 0x00000215f82f2a80 DEOPT UNPACKING pc=0x00000215da98699d sp=0x0000001a166f5048 mode 2
Event: 3040.764 Thread 0x00000215f08844d0 Uncommon trap: trap_request=0xffffff45 fr.pc=0x00000215dbc5ca68 relative=0x0000000000005508
Event: 3040.764 Thread 0x00000215f08844d0 Uncommon trap: reason=unstable_if action=reinterpret pc=0x00000215dbc5ca68 method=org.objectweb.asm.SymbolTable.addConstant(Ljava/lang/Object;)Lorg/objectweb/asm/Symbol; @ 145 c2
Event: 3040.764 Thread 0x00000215f08844d0 DEOPT PACKING pc=0x00000215dbc5ca68 sp=0x0000001a198faee0
Event: 3040.764 Thread 0x00000215f08844d0 DEOPT UNPACKING pc=0x00000215da98699d sp=0x0000001a198fae58 mode 2
Event: 3041.841 Thread 0x00000215f82f2a80 Uncommon trap: trap_request=0xffffff45 fr.pc=0x00000215dbe9b588 relative=0x0000000000003268
Event: 3041.841 Thread 0x00000215f82f2a80 Uncommon trap: reason=unstable_if action=reinterpret pc=0x00000215dbe9b588 method=org.gradle.internal.classpath.generated.InterceptorDeclaration_ConfigCacheJvmBytecode.visitMethodInsn(Lorg/gradle/model/internal/asm/MethodVisitorScope;Ljava/lang/String;ILj
Event: 3041.841 Thread 0x00000215f82f2a80 DEOPT PACKING pc=0x00000215dbe9b588 sp=0x0000001a166f5050
Event: 3041.841 Thread 0x00000215f82f2a80 DEOPT UNPACKING pc=0x00000215da98699d sp=0x0000001a166f4ff0 mode 2
Event: 3042.359 Thread 0x00000215e9c68f90 Uncommon trap: trap_request=0xffffff45 fr.pc=0x00000215db632dfc relative=0x000000000000099c
Event: 3042.359 Thread 0x00000215e9c68f90 Uncommon trap: reason=unstable_if action=reinterpret pc=0x00000215db632dfc method=org.gradle.cache.internal.btree.FreeListBlockStore$FreeListBlock.alloc(Lorg/gradle/cache/internal/btree/Block;)V @ 149 c2
Event: 3042.359 Thread 0x00000215e9c68f90 DEOPT PACKING pc=0x00000215db632dfc sp=0x0000001a16cfdf80
Event: 3042.359 Thread 0x00000215e9c68f90 DEOPT UNPACKING pc=0x00000215da98699d sp=0x0000001a16cfdf68 mode 2

Classes unloaded (20 events):
Event: 3033.791 Thread 0x00000215e9780450 Unloading class 0x0000021582748538 '_BuildScript_$_run_closure1'
Event: 3033.791 Thread 0x00000215e9780450 Unloading class 0x0000021582748000 '_BuildScript_'
Event: 3033.791 Thread 0x00000215e9780450 Unloading class 0x000002158273abb8 '_BuildScript_$_run_closure3'
Event: 3033.791 Thread 0x00000215e9780450 Unloading class 0x000002158273a7d0 '_BuildScript_$_run_closure2$_closure6$_closure9'
Event: 3033.791 Thread 0x00000215e9780450 Unloading class 0x000002158273a3e8 '_BuildScript_$_run_closure2$_closure6$_closure8'
Event: 3033.791 Thread 0x00000215e9780450 Unloading class 0x000002158273a000 '_BuildScript_$_run_closure2$_closure6'
Event: 3033.791 Thread 0x00000215e9780450 Unloading class 0x0000021582739bb8 '_BuildScript_$_run_closure2$_closure5$_closure7'
Event: 3033.791 Thread 0x00000215e9780450 Unloading class 0x00000215827397d0 '_BuildScript_$_run_closure2$_closure5'
Event: 3033.791 Thread 0x00000215e9780450 Unloading class 0x00000215827393e8 '_BuildScript_$_run_closure2$_closure4'
Event: 3033.791 Thread 0x00000215e9780450 Unloading class 0x0000021582739000 '_BuildScript_$_run_closure2'
Event: 3033.791 Thread 0x00000215e9780450 Unloading class 0x0000021582738400 '_BuildScript_$_run_closure1'
Event: 3033.791 Thread 0x00000215e9780450 Unloading class 0x0000021582738800 '_BuildScript_'
Event: 3033.791 Thread 0x00000215e9780450 Unloading class 0x0000021582734530 '_BuildScript_$_run_closure1'
Event: 3033.791 Thread 0x00000215e9780450 Unloading class 0x0000021582734000 '_BuildScript_'
Event: 3033.791 Thread 0x00000215e9780450 Unloading class 0x0000021582704918 '_BuildScript_$_run_closure2'
Event: 3033.791 Thread 0x00000215e9780450 Unloading class 0x0000021582704530 '_BuildScript_$_run_closure1'
Event: 3033.791 Thread 0x00000215e9780450 Unloading class 0x0000021582704000 '_BuildScript_'
Event: 3033.791 Thread 0x00000215e9780450 Unloading class 0x00000215825f0000 'java/lang/invoke/LambdaForm$DMH+0x00000215825f0000'
Event: 3033.791 Thread 0x00000215e9780450 Unloading class 0x000002158259c400 'java/lang/invoke/LambdaForm$DMH+0x000002158259c400'
Event: 3033.791 Thread 0x00000215e9780450 Unloading class 0x0000021582574400 'java/lang/invoke/LambdaForm$DMH+0x0000021582574400'

Classes redefined (0 events):
No events

Internal exceptions (20 events):
Event: 3029.439 Thread 0x00000215f82f2a80 Exception <a 'java/lang/ClassNotFoundException'{0x000000009a449250}: build_dlh9e85xun8dgkuyfgeswne61Customizer> (0x000000009a449250) 
thrown [s\src\hotspot\share\classfile\systemDictionary.cpp, line 256]
Event: 3032.694 Thread 0x00000215f82f2a80 Implicit null exception at 0x00000215dbdaf94c to 0x00000215dbdafa2c
Event: 3034.397 Thread 0x00000215f82f2a80 Implicit null exception at 0x00000215db077a0e to 0x00000215db0781c0
Event: 3035.278 Thread 0x00000215f08844d0 Implicit null exception at 0x00000215db4ae436 to 0x00000215db4af9e0
Event: 3035.290 Thread 0x00000215f08844d0 Exception <a 'sun/nio/fs/WindowsException'{0x000000009ad211a8}> (0x000000009ad211a8) 
thrown [s\src\hotspot\share\prims\jni.cpp, line 516]
Event: 3035.402 Thread 0x00000215f82f2a80 Exception <a 'sun/nio/fs/WindowsException'{0x000000009a0656b8}> (0x000000009a0656b8) 
thrown [s\src\hotspot\share\prims\jni.cpp, line 516]
Event: 3035.738 Thread 0x00000215f08844d0 Exception <a 'sun/nio/fs/WindowsException'{0x0000000098812a00}> (0x0000000098812a00) 
thrown [s\src\hotspot\share\prims\jni.cpp, line 516]
Event: 3040.281 Thread 0x00000215f82f2a80 Exception <a 'sun/nio/fs/WindowsException'{0x0000000097172ee8}> (0x0000000097172ee8) 
thrown [s\src\hotspot\share\prims\jni.cpp, line 516]
Event: 3040.618 Thread 0x00000215f82f2a80 Exception <a 'sun/nio/fs/WindowsException'{0x0000000095a1ce68}> (0x0000000095a1ce68) 
thrown [s\src\hotspot\share\prims\jni.cpp, line 516]
Event: 3040.657 Thread 0x00000215f08844d0 Exception <a 'sun/nio/fs/WindowsException'{0x0000000095bf2d90}> (0x0000000095bf2d90) 
thrown [s\src\hotspot\share\prims\jni.cpp, line 516]
Event: 3040.891 Thread 0x00000215f08844d0 Exception <a 'sun/nio/fs/WindowsException'{0x00000000a0ca7bd8}> (0x00000000a0ca7bd8) 
thrown [s\src\hotspot\share\prims\jni.cpp, line 516]
Event: 3041.253 Thread 0x00000215f08844d0 Exception <a 'sun/nio/fs/WindowsException'{0x00000000a0a10240}> (0x00000000a0a10240) 
thrown [s\src\hotspot\share\prims\jni.cpp, line 516]
Event: 3041.535 Thread 0x00000215f82f2a80 Exception <a 'sun/nio/fs/WindowsException'{0x00000000a05d7818}> (0x00000000a05d7818) 
thrown [s\src\hotspot\share\prims\jni.cpp, line 516]
Event: 3041.641 Thread 0x00000215f82f2a80 Exception <a 'sun/nio/fs/WindowsException'{0x000000009fef0208}> (0x000000009fef0208) 
thrown [s\src\hotspot\share\prims\jni.cpp, line 516]
Event: 3041.698 Thread 0x00000215f08844d0 Exception <a 'sun/nio/fs/WindowsException'{0x000000009f42e718}> (0x000000009f42e718) 
thrown [s\src\hotspot\share\prims\jni.cpp, line 516]
Event: 3042.016 Thread 0x00000215f08844d0 Exception <a 'sun/nio/fs/WindowsException'{0x000000009c9a18f8}> (0x000000009c9a18f8) 
thrown [s\src\hotspot\share\prims\jni.cpp, line 516]
Event: 3042.016 Thread 0x00000215f82f2a80 Exception <a 'sun/nio/fs/WindowsException'{0x000000009c906f38}> (0x000000009c906f38) 
thrown [s\src\hotspot\share\prims\jni.cpp, line 516]
Event: 3042.291 Thread 0x00000215f08844d0 Exception <a 'sun/nio/fs/WindowsException'{0x0000000098014ba0}> (0x0000000098014ba0) 
thrown [s\src\hotspot\share\prims\jni.cpp, line 516]
Event: 3042.418 Thread 0x00000215f08844d0 Exception <a 'sun/nio/fs/WindowsException'{0x00000000971f89c0}> (0x00000000971f89c0) 
thrown [s\src\hotspot\share\prims\jni.cpp, line 516]
Event: 3042.519 Thread 0x00000215f08844d0 Exception <a 'sun/nio/fs/WindowsException'{0x00000000957934b0}> (0x00000000957934b0) 
thrown [s\src\hotspot\share\prims\jni.cpp, line 516]

VM Operations (20 events):
Event: 3036.641 Executing VM operation: HandshakeAllThreads done
Event: 3037.654 Executing VM operation: Cleanup
Event: 3037.664 Executing VM operation: Cleanup done
Event: 3038.195 Executing VM operation: G1CollectForAllocation
Event: 3038.202 Executing VM operation: G1CollectForAllocation done
Event: 3038.549 Executing VM operation: G1PauseRemark
Event: 3038.579 Executing VM operation: G1PauseRemark done
Event: 3038.744 Executing VM operation: G1PauseCleanup
Event: 3038.744 Executing VM operation: G1PauseCleanup done
Event: 3040.744 Executing VM operation: Cleanup
Event: 3040.768 Executing VM operation: Cleanup done
Event: 3040.846 Executing VM operation: G1CollectForAllocation
Event: 3040.855 Executing VM operation: G1CollectForAllocation done
Event: 3041.092 Executing VM operation: G1CollectForAllocation
Event: 3041.092 Executing VM operation: G1CollectForAllocation done
Event: 3041.115 Executing VM operation: G1CollectForAllocation
Event: 3041.148 Executing VM operation: G1CollectForAllocation done
Event: 3041.771 Executing VM operation: HandshakeAllThreads
Event: 3041.798 Executing VM operation: HandshakeAllThreads done
Event: 3042.742 Executing VM operation: G1CollectForAllocation

Events (20 events):
Event: 3036.680 Thread 0x00000215e9817f50 flushing nmethod 0x00000215d6454990
Event: 3036.681 Thread 0x00000215e9817f50 flushing nmethod 0x00000215d64de390
Event: 3036.681 Thread 0x00000215e9817f50 flushing nmethod 0x00000215d6548f90
Event: 3036.681 Thread 0x00000215e9817f50 flushing nmethod 0x00000215d658d010
Event: 3036.681 Thread 0x00000215e9817f50 flushing nmethod 0x00000215d658d390
Event: 3036.681 Thread 0x00000215e9817f50 flushing nmethod 0x00000215d658d710
Event: 3036.681 Thread 0x00000215e9817f50 flushing nmethod 0x00000215d658e690
Event: 3036.681 Thread 0x00000215e9817f50 flushing nmethod 0x00000215d658f910
Event: 3036.681 Thread 0x00000215e9817f50 flushing nmethod 0x00000215d6591910
Event: 3036.681 Thread 0x00000215e9817f50 flushing nmethod 0x00000215d6592090
Event: 3036.681 Thread 0x00000215e9817f50 flushing nmethod 0x00000215d6592c90
Event: 3036.681 Thread 0x00000215e9817f50 flushing nmethod 0x00000215d6593290
Event: 3036.681 Thread 0x00000215e9817f50 flushing nmethod 0x00000215d6594210
Event: 3036.681 Thread 0x00000215e9817f50 flushing nmethod 0x00000215d6595110
Event: 3036.681 Thread 0x00000215e9817f50 flushing nmethod 0x00000215d65a7710
Event: 3036.681 Thread 0x00000215e9817f50 flushing nmethod 0x00000215d65aaa90
Event: 3036.681 Thread 0x00000215e9817f50 flushing nmethod 0x00000215d65aaf10
Event: 3041.804 Thread 0x00000215e9817f50 flushing nmethod 0x00000215dbdb0790
Event: 3041.804 Thread 0x00000215e9817f50 flushing nmethod 0x00000215dbdbd510
Event: 3041.838 Thread 0x00000215e9817f50 flushing nmethod 0x00000215d65a2690


Dynamic libraries:
0x00007ff73c8a0000 - 0x00007ff73c8ae000 	C:\Program Files\Microsoft\jdk-17.0.10.7-hotspot\bin\java.exe
0x00007ffba33d0000 - 0x00007ffba35c8000 	C:\WINDOWS\SYSTEM32\ntdll.dll
0x00007ffba14e0000 - 0x00007ffba15a2000 	C:\WINDOWS\System32\KERNEL32.DLL
0x00007ffba0cb0000 - 0x00007ffba0fa6000 	C:\WINDOWS\System32\KERNELBASE.dll
0x00007ffba0a70000 - 0x00007ffba0b70000 	C:\WINDOWS\System32\ucrtbase.dll
0x00007ffb86a60000 - 0x00007ffb86a77000 	C:\Program Files\Microsoft\jdk-17.0.10.7-hotspot\bin\jli.dll
0x00007ffba31c0000 - 0x00007ffba335d000 	C:\WINDOWS\System32\USER32.dll
0x00007ffba1260000 - 0x00007ffba1282000 	C:\WINDOWS\System32\win32u.dll
0x00007ffba2b20000 - 0x00007ffba2b4b000 	C:\WINDOWS\System32\GDI32.dll
0x00007ffba0fe0000 - 0x00007ffba10f9000 	C:\WINDOWS\System32\gdi32full.dll
0x00007ffba1290000 - 0x00007ffba132d000 	C:\WINDOWS\System32\msvcp_win.dll
0x00007ffb8b970000 - 0x00007ffb8b98b000 	C:\Program Files\Microsoft\jdk-17.0.10.7-hotspot\bin\VCRUNTIME140.dll
0x00007ffb92e60000 - 0x00007ffb930fb000 	C:\WINDOWS\WinSxS\amd64_microsoft.windows.common-controls_6595b64144ccf1df_6.0.19041.6280_none_60bc30a171f2f3f3\COMCTL32.dll
0x00007ffba1430000 - 0x00007ffba14ce000 	C:\WINDOWS\System32\msvcrt.dll
0x00007ffba1400000 - 0x00007ffba142f000 	C:\WINDOWS\System32\IMM32.DLL
0x00007ffb9ba90000 - 0x00007ffb9ba9c000 	C:\Program Files\Microsoft\jdk-17.0.10.7-hotspot\bin\vcruntime140_1.dll
0x00007ffb84910000 - 0x00007ffb8499d000 	C:\Program Files\Microsoft\jdk-17.0.10.7-hotspot\bin\msvcp140.dll
0x00007ffb58d30000 - 0x00007ffb59995000 	C:\Program Files\Microsoft\jdk-17.0.10.7-hotspot\bin\server\jvm.dll
0x00007ffba3060000 - 0x00007ffba3111000 	C:\WINDOWS\System32\ADVAPI32.dll
0x00007ffba3120000 - 0x00007ffba31bf000 	C:\WINDOWS\System32\sechost.dll
0x00007ffba2390000 - 0x00007ffba24b0000 	C:\WINDOWS\System32\RPCRT4.dll
0x00007ffba0fb0000 - 0x00007ffba0fd7000 	C:\WINDOWS\System32\bcrypt.dll
0x00007ffba08d0000 - 0x00007ffba091b000 	C:\WINDOWS\SYSTEM32\POWRPROF.dll
0x00007ffb8b960000 - 0x00007ffb8b969000 	C:\WINDOWS\SYSTEM32\WSOCK32.dll
0x00007ffba2d60000 - 0x00007ffba2dcb000 	C:\WINDOWS\System32\WS2_32.dll
0x00007ffb93b60000 - 0x00007ffb93b87000 	C:\WINDOWS\SYSTEM32\WINMM.dll
0x00007ffb99200000 - 0x00007ffb9920a000 	C:\WINDOWS\SYSTEM32\VERSION.dll
0x00007ffba08b0000 - 0x00007ffba08c2000 	C:\WINDOWS\SYSTEM32\UMPDC.dll
0x00007ffb9e830000 - 0x00007ffb9e842000 	C:\WINDOWS\SYSTEM32\kernel.appcore.dll
0x00007ffb86a50000 - 0x00007ffb86a5a000 	C:\Program Files\Microsoft\jdk-17.0.10.7-hotspot\bin\jimage.dll
0x00007ffb93bb0000 - 0x00007ffb93db1000 	C:\WINDOWS\SYSTEM32\DBGHELP.DLL
0x00007ffb8a2b0000 - 0x00007ffb8a2e4000 	C:\WINDOWS\SYSTEM32\dbgcore.DLL
0x00007ffba0b70000 - 0x00007ffba0bf2000 	C:\WINDOWS\System32\bcryptPrimitives.dll
0x00007ffb83850000 - 0x00007ffb8385e000 	C:\Program Files\Microsoft\jdk-17.0.10.7-hotspot\bin\instrument.dll
0x00007ffb86a20000 - 0x00007ffb86a45000 	C:\Program Files\Microsoft\jdk-17.0.10.7-hotspot\bin\java.dll
0x00007ffb5c4f0000 - 0x00007ffb5c5c7000 	C:\Program Files\Microsoft\jdk-17.0.10.7-hotspot\bin\jsvml.dll
0x00007ffba15b0000 - 0x00007ffba1d20000 	C:\WINDOWS\System32\SHELL32.dll
0x00007ffb9eb10000 - 0x00007ffb9f2b5000 	C:\WINDOWS\SYSTEM32\windows.storage.dll
0x00007ffba2590000 - 0x00007ffba28e3000 	C:\WINDOWS\System32\combase.dll
0x00007ffba03d0000 - 0x00007ffba03fb000 	C:\WINDOWS\SYSTEM32\Wldp.dll
0x00007ffba2190000 - 0x00007ffba225d000 	C:\WINDOWS\System32\OLEAUT32.dll
0x00007ffba28f0000 - 0x00007ffba299d000 	C:\WINDOWS\System32\SHCORE.dll
0x00007ffba2dd0000 - 0x00007ffba2e2b000 	C:\WINDOWS\System32\shlwapi.dll
0x00007ffba09a0000 - 0x00007ffba09c4000 	C:\WINDOWS\SYSTEM32\profapi.dll
0x00007ffb86880000 - 0x00007ffb86898000 	C:\Program Files\Microsoft\jdk-17.0.10.7-hotspot\bin\zip.dll
0x00007ffb86a00000 - 0x00007ffb86a19000 	C:\Program Files\Microsoft\jdk-17.0.10.7-hotspot\bin\net.dll
0x00007ffb9bbe0000 - 0x00007ffb9bcea000 	C:\WINDOWS\SYSTEM32\WINHTTP.dll
0x00007ffba0130000 - 0x00007ffba019a000 	C:\WINDOWS\system32\mswsock.dll
0x00007ffb869e0000 - 0x00007ffb869f6000 	C:\Program Files\Microsoft\jdk-17.0.10.7-hotspot\bin\nio.dll
0x00007ffb86870000 - 0x00007ffb86880000 	C:\Program Files\Microsoft\jdk-17.0.10.7-hotspot\bin\verify.dll
0x00007ffb86fb0000 - 0x00007ffb86fd7000 	C:\Users\Chanchal\.gradle\native\1def1411415f61bf3af743bc5b6707747c0891f09f0c88961ee8f79bc544acac\windows-amd64\native-platform.dll
0x00007ffb84760000 - 0x00007ffb847d8000 	C:\Users\Chanchal\.gradle\native\0.2.7\x86_64-windows-gnu\gradle-fileevents.dll
0x00007ffb83880000 - 0x00007ffb83889000 	C:\Program Files\Microsoft\jdk-17.0.10.7-hotspot\bin\management.dll
0x00007ffb83870000 - 0x00007ffb8387b000 	C:\Program Files\Microsoft\jdk-17.0.10.7-hotspot\bin\management_ext.dll
0x00007ffba14d0000 - 0x00007ffba14d8000 	C:\WINDOWS\System32\PSAPI.DLL
0x00007ffb9fe10000 - 0x00007ffb9fe4b000 	C:\WINDOWS\SYSTEM32\IPHLPAPI.DLL
0x00007ffba3380000 - 0x00007ffba3388000 	C:\WINDOWS\System32\NSI.dll
0x00007ffb9af50000 - 0x00007ffb9af67000 	C:\WINDOWS\SYSTEM32\dhcpcsvc6.DLL
0x00007ffb9af30000 - 0x00007ffb9af4d000 	C:\WINDOWS\SYSTEM32\dhcpcsvc.DLL
0x00007ffb9fe50000 - 0x00007ffb9ff1a000 	C:\WINDOWS\SYSTEM32\DNSAPI.dll
0x00007ffb83860000 - 0x00007ffb83869000 	C:\Program Files\Microsoft\jdk-17.0.10.7-hotspot\bin\extnet.dll
0x00007ffba0320000 - 0x00007ffba0338000 	C:\WINDOWS\SYSTEM32\CRYPTSP.dll
0x00007ffb9fa50000 - 0x00007ffb9fa88000 	C:\WINDOWS\system32\rsaenh.dll
0x00007ffba0920000 - 0x00007ffba094e000 	C:\WINDOWS\SYSTEM32\USERENV.dll
0x00007ffba0340000 - 0x00007ffba034c000 	C:\WINDOWS\SYSTEM32\CRYPTBASE.dll
0x00007ffb7fd30000 - 0x00007ffb7fd3e000 	C:\Program Files\Microsoft\jdk-17.0.10.7-hotspot\bin\sunmscapi.dll
0x00007ffba1100000 - 0x00007ffba125d000 	C:\WINDOWS\System32\CRYPT32.dll
0x00007ffba0440000 - 0x00007ffba0467000 	C:\WINDOWS\SYSTEM32\ncrypt.dll
0x00007ffba0400000 - 0x00007ffba043b000 	C:\WINDOWS\SYSTEM32\NTASN1.dll
0x00007ffb51cc0000 - 0x00007ffb51cc7000 	C:\WINDOWS\system32\wshunix.dll
0x00007ffb9fca0000 - 0x00007ffb9fcd3000 	C:\WINDOWS\SYSTEM32\ntmarta.dll
0x00007ffb9de20000 - 0x00007ffb9de27000 	C:\Program Files\Microsoft\jdk-17.0.10.7-hotspot\bin\rmi.dll

dbghelp: loaded successfully - version: 4.0.5 - missing functions: none
symbol engine: initialized successfully - sym options: 0x614 - pdb path: .;C:\Program Files\Microsoft\jdk-17.0.10.7-hotspot\bin;C:\WINDOWS\SYSTEM32;C:\WINDOWS\WinSxS\amd64_microsoft.windows.common-controls_6595b64144ccf1df_6.0.19041.6280_none_60bc30a171f2f3f3;C:\Program Files\Microsoft\jdk-17.0.10.7-hotspot\bin\server;C:\Users\Chanchal\.gradle\native\1def1411415f61bf3af743bc5b6707747c0891f09f0c88961ee8f79bc544acac\windows-amd64;C:\Users\Chanchal\.gradle\native\0.2.7\x86_64-windows-gnu

VM Arguments:
jvm_args: --add-opens=java.base/java.lang=ALL-UNNAMED --add-opens=java.base/java.lang.invoke=ALL-UNNAMED --add-opens=java.base/java.util=ALL-UNNAMED --add-opens=java.prefs/java.util.prefs=ALL-UNNAMED --add-exports=jdk.compiler/com.sun.tools.javac.api=ALL-UNNAMED --add-exports=jdk.compiler/com.sun.tools.javac.util=ALL-UNNAMED --add-opens=java.base/java.util=ALL-UNNAMED --add-opens=java.prefs/java.util.prefs=ALL-UNNAMED --add-opens=java.base/java.nio.charset=ALL-UNNAMED --add-opens=java.base/java.net=ALL-UNNAMED --add-opens=java.base/java.util.concurrent.atomic=ALL-UNNAMED --add-opens=java.xml/javax.xml.namespace=ALL-UNNAMED -XX:MaxMetaspaceSize=512m -Xmx2048m -Dfile.encoding=windows-1252 -Duser.country=US -Duser.language=en -Duser.variant -javaagent:C:\Users\Chanchal\.gradle\wrapper\dists\gradle-8.14.3-bin\cv11ve7ro1n3o1j4so8xd9n66\gradle-8.14.3\lib\agents\gradle-instrumentation-agent-8.14.3.jar 
java_command: org.gradle.launcher.daemon.bootstrap.GradleDaemon 8.14.3
java_class_path (initial): C:\Users\Chanchal\.gradle\wrapper\dists\gradle-8.14.3-bin\cv11ve7ro1n3o1j4so8xd9n66\gradle-8.14.3\lib\gradle-daemon-main-8.14.3.jar
Launcher Type: SUN_STANDARD

[Global flags]
     intx CICompilerCount                          = 2                                         {product} {ergonomic}
   size_t CompressedClassSpaceSize                 = 436207616                                 {product} {ergonomic}
     uint ConcGCThreads                            = 1                                         {product} {ergonomic}
     uint G1ConcRefinementThreads                  = 2                                         {product} {ergonomic}
   size_t G1HeapRegionSize                         = 1048576                                   {product} {ergonomic}
    uintx GCDrainStackTargetSize                   = 64                                        {product} {ergonomic}
   size_t InitialHeapSize                          = 134217728                                 {product} {ergonomic}
   size_t MarkStackSize                            = 4194304                                   {product} {ergonomic}
   size_t MaxHeapSize                              = 2147483648                                {product} {command line}
   size_t MaxMetaspaceSize                         = 536870912                                 {product} {command line}
   size_t MaxNewSize                               = 1287651328                                {product} {ergonomic}
   size_t MinHeapDeltaBytes                        = 1048576                                   {product} {ergonomic}
   size_t MinHeapSize                              = 8388608                                   {product} {ergonomic}
    uintx NonNMethodCodeHeapSize                   = 5826188                                {pd product} {ergonomic}
    uintx NonProfiledCodeHeapSize                  = 122916026                              {pd product} {ergonomic}
    uintx ProfiledCodeHeapSize                     = 122916026                              {pd product} {ergonomic}
    uintx ReservedCodeCacheSize                    = 251658240                              {pd product} {ergonomic}
     bool SegmentedCodeCache                       = true                                      {product} {ergonomic}
   size_t SoftMaxHeapSize                          = 2147483648                             {manageable} {ergonomic}
     bool UseCompressedClassPointers               = true                           {product lp64_product} {ergonomic}
     bool UseCompressedOops                        = true                           {product lp64_product} {ergonomic}
     bool UseG1GC                                  = true                                      {product} {ergonomic}
     bool UseLargePagesIndividualAllocation        = false                                  {pd product} {ergonomic}

Logging:
Log output configuration:
 #0: stdout all=warning uptime,level,tags
 #1: stderr all=off uptime,level,tags

Environment Variables:
JAVA_HOME=C:\Program Files\Microsoft\jdk-17.0.10.7-hotspot\
PATH=D:\calculationapp\node_modules\.bin;D:\calculationapp\node_modules\.bin;D:\node_modules\.bin;C:\Users\Chanchal\AppData\Roaming\npm\node_modules\npm\node_modules\@npmcli\run-script\lib\node-gyp-bin;C:\Program Files\Microsoft\jdk-17.0.10.7-hotspot\bin;C:\WINDOWS\system32;C:\WINDOWS;C:\WINDOWS\System32\Wbem;C:\WINDOWS\System32\WindowsPowerShell\v1.0\;C:\WINDOWS\System32\OpenSSH\;C:\Program Files\Git\cmd;F:\xampp\php;C:\ProgramData\ComposerSetup\bin;C:\ProgramData\chocolatey\bin;%LOCALAPPDATA%\Android\Sdk\platform-tools;C:\Program Files\nodejs\;D:\xampp\php;C:\Users\Chanchal\AppData\Local\Microsoft\WindowsApps;;C:\Users\Chanchal\AppData\Roaming\Composer\vendor\bin;C:\Users\Chanchal\AppData\Local\Microsoft\WinGet\Packages\Schniz.fnm_Microsoft.Winget.Source_8wekyb3d8bbwe;C:\Users\Chanchal\AppData\Roaming\npm;C:\Users\Chanchal\AppData\Local\Programs\Microsoft VS Code\bin
USERNAME=Chanchal
OS=Windows_NT
PROCESSOR_IDENTIFIER=Intel64 Family 6 Model 60 Stepping 3, GenuineIntel
TMP=C:\Users\Chanchal\AppData\Local\Temp
TEMP=C:\Users\Chanchal\AppData\Local\Temp



Periodic native trim disabled


---------------  S Y S T E M  ---------------

OS:
 Windows 10 , 64 bit Build 19041 (10.0.19041.5915)
OS uptime: 0 days 1:32 hours

CPU: total 2 (initial active 2) (2 cores per cpu, 1 threads per core) family 6 model 60 stepping 3 microcode 0x27, cx8, cmov, fxsr, mmx, sse, sse2, sse3, ssse3, sse4.1, sse4.2, popcnt, lzcnt, tsc, tscinvbit, erms, clmul, clflush
Processor Information for all 2 processors :
  Max Mhz: 3100, Current Mhz: 3100, Mhz Limit: 3100

Memory: 4k page, system-wide physical 8092M (1201M free)
TotalPageFile size 10176M (AvailPageFile size 591M)
current process WorkingSet (physical memory assigned to process): 901M, peak: 911M
current process commit charge ("private bytes"): 989M, peak: 1596M

vm_info: OpenJDK 64-Bit Server VM (17.0.10+7-LTS) for windows-amd64 JRE (17.0.10+7-LTS), built on Jan 10 2024 19:47:12 by "MicrosoftCorporation" with MS VC++ 16.10 / 16.11 (VS2019)

END.
